0;3 0 7 4 1 5 2 6 = 2;2;8.42
1;3 0 7 4 1 5 2 6 = 2;2;9.6
2;3 0 7 4 1 5 2 6 = 2;2;9.42
3;3 0 7 4 1 5 2 6 = 2;2;9.6
4;3 0 7 4 1 5 2 6 = 2;2;9.52
5;5 0 4 1 3 6 2 7 = 2;2;8.32
6;5 0 4 1 3 6 2 7 = 2;2;8.02
7;5 0 4 1 3 6 2 7 = 2;2;7.24
8;5 0 4 1 3 6 2 7 = 2;2;6.42
9;3 0 7 4 1 5 2 5 = 2;2;6.26
10;3 0 7 4 1 5 2 5 = 2;2;5.5
11;3 0 7 4 1 5 2 6 = 2;2;4.76
12;3 0 7 4 1 5 2 6 = 2;2;4.32
13;3 0 7 4 1 5 2 6 = 2;2;4.14
14;3 0 7 4 1 5 2 5 = 2;2;4.34
15;3 0 7 4 1 5 2 5 = 2;2;4.12
16;3 0 7 4 1 5 2 5 = 2;2;4.18
17;3 0 7 4 1 5 2 5 = 2;2;4.3
18;3 0 7 4 1 5 2 5 = 2;2;4.36
19;3 0 7 4 1 5 2 6 = 2;2;4.06
20;3 0 7 4 1 5 2 5 = 2;2;4.12
21;3 0 7 4 1 5 2 5 = 2;2;4.3
22;3 0 7 4 1 5 2 5 = 2;2;4.36
23;3 0 7 4 1 5 2 5 = 2;2;4.42
24;3 0 7 4 1 5 2 5 = 2;2;4.28
25;3 0 7 4 1 5 2 5 = 2;2;4.22
26;3 0 7 4 1 5 2 5 = 2;2;4.22
27;3 0 7 4 1 5 2 5 = 2;2;4.14
28;3 0 7 4 1 5 2 5 = 2;2;4.16
29;3 0 7 4 1 5 2 5 = 2;2;4.1
30;3 0 7 4 1 5 2 5 = 2;2;4.2
31;3 0 7 4 1 5 2 6 = 2;2;4.12
32;3 0 7 4 1 5 2 6 = 2;2;4.36
33;3 0 7 4 1 5 2 5 = 2;2;4.08
34;3 0 7 4 1 5 2 5 = 2;2;4.22
35;3 0 7 4 1 5 2 5 = 2;2;4.18
36;3 0 7 4 2 5 6 1 = 2;2;4.16
37;3 0 7 4 2 5 6 1 = 2;2;4.48
38;3 0 7 4 2 5 6 1 = 2;2;4.34
39;3 0 7 4 2 5 6 1 = 2;2;4.26
40;3 0 7 4 2 5 6 1 = 2;2;4.24
41;3 0 7 4 1 5 2 6 = 2;2;4.38
42;3 0 7 4 1 5 2 6 = 2;2;4.26
43;3 0 7 4 1 5 2 6 = 2;2;4.42
44;3 0 7 4 1 5 2 5 = 2;2;4.18
45;3 0 7 4 1 5 2 5 = 2;2;4.34
46;3 0 7 4 1 5 2 5 = 2;2;4.26
47;3 0 7 4 1 5 2 5 = 2;2;4.38
48;3 0 7 4 1 5 2 5 = 2;2;4.2
49;3 0 7 4 1 5 2 5 = 2;2;4.22
50;3 0 7 4 1 5 2 5 = 2;2;4.22
51;3 0 7 4 1 5 2 5 = 2;2;4.24
52;3 0 7 4 1 5 2 5 = 2;2;3.98
53;3 0 7 4 1 5 2 5 = 2;2;4.22
54;3 0 7 4 1 5 2 5 = 2;2;4.34
55;3 0 7 4 1 5 2 5 = 2;2;4.2
56;3 0 7 4 1 5 2 5 = 2;2;4.24
57;3 0 7 4 1 5 2 5 = 2;2;4.12
58;3 0 7 4 1 5 2 5 = 2;2;4.32
59;3 0 7 4 1 5 2 5 = 2;2;4.26
60;3 0 7 4 1 5 2 5 = 2;2;4.22
61;3 0 7 4 1 5 2 5 = 2;2;4.5
62;3 0 7 4 1 5 2 5 = 2;2;4.2
63;3 0 7 4 1 5 2 5 = 2;2;4.26
64;3 0 7 4 1 5 2 5 = 2;2;4.26
65;3 0 7 4 1 5 2 5 = 2;2;4.42
66;3 0 7 4 1 5 2 5 = 2;2;4.3
67;3 0 7 4 1 5 2 5 = 2;2;4.48
68;3 0 7 4 1 5 2 5 = 2;2;4.24
69;3 0 7 4 1 5 2 6 = 2;2;4.28
70;3 0 7 4 1 5 2 5 = 2;2;4.38
71;3 0 7 4 1 5 2 5 = 2;2;4.4
72;3 0 7 4 1 5 2 5 = 2;2;4.3
73;3 0 7 4 1 5 2 5 = 2;2;4.1
74;6 3 7 4 1 5 2 0 = 2;2;4.2
75;3 0 7 4 1 5 2 5 = 2;2;4.34
76;6 3 7 4 1 5 2 0 = 2;2;4.24
77;6 3 7 4 1 5 2 0 = 2;2;4.32
78;6 3 7 4 1 5 2 0 = 2;2;4.1
79;6 3 7 4 1 5 2 0 = 2;2;4.02
80;6 3 7 4 1 5 2 0 = 2;2;4.14
81;6 3 7 4 1 5 2 5 = 2;2;3.96
82;6 3 0 4 1 5 2 2 = 2;2;3.62
83;6 3 7 4 1 5 2 0 = 2;2;3.26
84;6 3 7 4 1 5 2 0 = 2;2;2.72
85;6 3 7 4 1 5 2 0 = 2;2;2.42
86;6 3 7 4 1 5 2 0 = 2;2;2.42
87;6 3 7 4 1 5 2 0 = 2;2;2.34
88;6 3 7 4 1 5 2 0 = 2;2;2.42
89;6 3 7 4 1 5 2 5 = 2;2;2.34
90;6 3 7 4 1 5 2 0 = 2;2;2.26
91;6 3 7 4 1 5 2 0 = 2;2;2.46
92;6 3 7 4 1 5 2 0 = 2;2;2.3
93;6 3 7 4 1 5 2 0 = 2;2;2.22
94;6 3 7 4 1 5 2 0 = 2;2;2.2
95;6 3 7 4 1 5 2 0 = 2;2;2.14
96;6 3 7 4 1 5 2 0 = 2;2;2.4
97;6 3 7 4 1 5 2 0 = 2;2;2.4
98;6 3 7 4 1 5 2 0 = 2;2;2.36
99;6 3 7 4 1 5 2 0 = 2;2;2.36
100;6 3 7 4 1 5 2 0 = 2;2;2.22
101;6 3 7 4 1 5 2 0 = 2;2;2.38
102;6 3 7 4 1 5 2 0 = 2;2;2.4
103;6 3 7 4 1 5 2 0 = 2;2;2.46
104;6 3 7 4 1 5 2 0 = 2;2;2.4
105;6 3 7 4 1 5 2 0 = 2;2;2.38
106;6 3 7 4 1 5 2 0 = 2;2;2.44
107;6 3 7 4 1 5 2 0 = 2;2;2.34
108;6 3 7 4 1 5 2 0 = 2;2;2.44
109;6 3 7 4 1 5 2 0 = 2;2;2.48
110;6 3 7 4 1 5 2 0 = 2;2;2.26
111;6 3 7 4 1 5 2 0 = 2;2;2.28
112;6 3 7 4 1 5 2 0 = 2;2;2.36
113;6 3 7 4 1 5 2 0 = 2;2;2.3
114;6 3 7 4 1 5 2 0 = 2;2;2.4
115;6 3 7 4 1 5 2 0 = 2;2;2.46
116;6 3 7 4 1 5 2 0 = 2;2;2.26
117;6 3 7 4 1 5 2 0 = 2;2;2.48
118;6 3 7 4 1 5 2 0 = 2;2;2.2
119;6 3 7 4 1 5 2 0 = 2;2;2.38
120;6 3 7 4 1 5 2 0 = 2;2;2.32
121;6 3 7 4 1 5 2 0 = 2;2;2.48
122;6 3 7 4 1 5 2 0 = 2;2;2.2
123;6 3 7 4 1 5 2 0 = 2;2;2.1
124;6 3 7 4 1 5 2 0 = 2;2;2.36
125;6 3 7 4 1 5 2 0 = 2;2;2.3
126;6 3 7 4 1 5 2 0 = 2;2;2.32
127;6 3 7 4 1 5 2 0 = 2;2;2.26
128;6 3 7 4 1 5 2 0 = 2;2;2.26
129;6 3 7 4 1 5 2 0 = 2;2;2.18
130;6 3 7 4 1 5 2 0 = 2;2;2.2
131;6 3 7 4 1 5 2 0 = 2;2;2.42
132;6 3 7 4 1 5 2 0 = 2;2;2.28
133;6 3 7 4 1 5 2 0 = 2;2;2.24
134;6 3 7 4 1 5 2 0 = 2;2;2.2
135;6 3 7 4 1 5 2 0 = 2;2;2.36
136;6 3 7 4 1 5 2 0 = 2;2;2.22
137;6 3 7 4 1 5 2 0 = 2;2;2.26
138;6 3 7 4 1 5 2 0 = 2;2;2.18
139;6 3 7 4 1 5 2 0 = 2;2;2.14
140;6 3 7 4 1 5 2 0 = 2;2;2.54
141;6 3 7 4 1 5 2 0 = 2;2;2.26
142;6 3 7 4 1 5 2 0 = 2;2;2.3
143;6 3 7 4 1 5 2 0 = 2;2;2.28
144;6 3 7 4 1 5 2 5 = 2;2;2.34
145;6 3 7 4 1 5 2 6 = 2;2;2.32
146;6 3 7 4 1 5 2 0 = 2;2;2.32
147;6 3 7 4 1 5 2 0 = 2;2;2.34
148;6 3 7 4 1 5 2 0 = 2;2;2.3
149;6 3 7 4 1 5 2 0 = 2;2;2.26
150;6 3 7 4 1 5 2 6 = 2;2;2.16
151;6 3 7 4 1 5 2 0 = 2;2;2.24
152;6 3 7 4 1 5 2 0 = 2;2;2.18
153;6 3 7 4 1 5 2 0 = 2;2;2.18
154;6 3 7 4 1 5 2 5 = 2;2;2.12
155;6 3 7 4 1 5 2 0 = 2;2;2.28
156;6 3 7 4 1 5 2 5 = 2;2;2.3
157;6 3 7 4 1 5 2 0 = 2;2;2.52
158;6 3 7 4 1 5 2 5 = 2;2;2.28
159;6 3 7 4 1 5 2 0 = 2;2;2.3
160;6 3 7 4 1 5 2 0 = 2;2;2.22
161;6 3 7 4 1 5 2 0 = 2;2;2.26
162;6 3 7 4 1 5 2 0 = 2;2;2.32
163;6 3 7 4 1 5 2 0 = 2;2;2.28
164;6 3 7 4 1 5 2 0 = 2;2;2.42
165;6 3 7 4 1 5 2 0 = 2;2;2.28
166;6 3 7 4 1 5 2 0 = 2;2;2.42
167;6 3 7 4 1 5 2 0 = 2;2;2.18
168;6 3 7 4 1 5 2 0 = 2;2;2.42
169;6 3 7 4 1 5 2 0 = 2;2;2.34
170;6 3 7 4 1 5 2 0 = 2;2;2.3
171;6 3 7 4 1 5 2 0 = 2;2;2.36
172;6 3 7 4 1 5 2 0 = 2;2;2.34
173;6 3 7 4 1 5 2 0 = 2;2;2.16
174;6 3 7 4 1 5 2 0 = 2;2;2.22
175;6 3 7 4 1 5 2 6 = 2;2;2.26
176;6 3 7 4 1 5 2 0 = 2;2;2.32
177;6 3 7 4 1 5 2 0 = 2;2;2.48
178;6 3 7 4 1 5 2 0 = 2;2;2.32
179;6 3 0 4 1 5 2 6 = 2;2;2.38
180;6 3 7 4 1 5 2 0 = 2;2;2.54
181;6 3 7 4 1 5 2 0 = 2;2;2.36
182;6 3 7 4 1 5 2 6 = 2;2;2.24
183;6 3 7 4 1 5 2 0 = 2;2;2.24
184;6 3 7 4 1 5 2 0 = 2;2;2.18
185;6 3 7 4 1 5 2 0 = 2;2;2.4
186;6 3 7 4 1 5 2 0 = 2;2;2.36
187;6 3 7 4 1 5 2 6 = 2;2;2.28
188;6 3 7 4 1 5 2 0 = 2;2;2.28
189;6 3 7 4 1 5 2 0 = 2;2;2.2
190;6 3 7 4 1 5 2 6 = 2;2;2.2
191;6 3 7 4 1 5 2 0 = 2;2;2.34
192;6 3 7 4 1 5 2 0 = 2;2;2.42
193;6 3 7 4 1 5 2 0 = 2;2;2.18
194;6 3 7 4 1 5 2 0 = 2;2;2.34
195;6 3 7 4 1 5 2 0 = 2;2;2.36
196;6 3 7 4 1 5 2 6 = 2;2;2.16
197;6 3 7 4 1 5 2 0 = 2;2;2.42
198;6 3 7 4 1 5 2 0 = 2;2;2.42
199;6 3 7 4 1 5 2 0 = 2;2;2.36
200;6 3 7 4 1 5 2 0 = 2;2;2.32
201;6 3 7 4 1 5 2 0 = 2;2;2.22
202;6 3 7 4 1 5 2 0 = 2;2;2.38
203;6 3 7 4 1 5 2 6 = 2;2;2.5
204;6 3 7 4 1 5 2 0 = 2;2;2.3
205;6 3 7 4 1 5 2 0 = 2;2;2.46
206;6 3 7 4 1 5 2 0 = 2;2;2.3
207;6 3 7 4 1 5 2 0 = 2;2;2.2
208;6 3 7 4 1 5 2 6 = 2;2;2.34
209;6 3 7 4 1 5 2 6 = 2;2;2.46
210;6 3 7 4 1 5 2 0 = 2;2;2.36
211;6 3 7 4 1 5 2 0 = 2;2;2.3
212;6 3 7 4 1 5 2 0 = 2;2;2.22
213;6 3 7 4 1 5 2 0 = 2;2;2.44
214;6 3 7 4 1 5 2 0 = 2;2;2.18
215;6 3 7 4 1 5 2 6 = 2;2;2.4
216;6 3 7 4 1 5 2 6 = 2;2;2.18
217;6 3 7 4 1 5 2 0 = 2;2;2.46
218;6 3 7 4 1 5 2 0 = 2;2;2.16
219;6 3 7 4 1 5 2 0 = 2;2;2.36
220;6 3 7 4 1 5 2 0 = 2;2;2.76
221;6 3 7 4 1 5 2 0 = 2;2;2.26
222;6 3 7 4 1 5 2 6 = 2;2;2.2
223;6 3 7 4 1 5 2 0 = 2;2;2.38
224;6 3 7 4 1 5 2 6 = 2;2;2.4
225;6 3 7 4 1 5 2 0 = 2;2;2.34
226;6 3 7 4 1 5 2 0 = 2;2;2.32
227;6 3 7 4 1 5 2 0 = 2;2;2.52
228;6 3 7 4 1 5 2 0 = 2;2;2.4
229;6 3 7 4 1 5 2 6 = 2;2;2.22
230;6 3 7 4 1 5 2 0 = 2;2;2.4
231;6 3 7 4 1 5 2 6 = 2;2;2.26
232;6 3 7 4 1 5 2 6 = 2;2;2.18
233;6 3 7 4 1 5 2 6 = 2;2;2.24
234;6 3 7 4 1 5 2 0 = 2;2;2.38
235;6 3 7 4 1 5 2 6 = 2;2;2.24
236;6 3 7 4 1 5 2 0 = 2;2;2.32
237;6 3 7 4 1 5 2 6 = 2;2;2.16
238;6 3 7 4 1 5 2 0 = 2;2;2.52
239;6 3 7 4 1 5 2 0 = 2;2;2.34
240;6 3 7 4 1 5 2 0 = 2;2;2.48
241;6 3 7 4 1 5 2 5 = 2;2;2.18
242;6 3 7 4 1 5 2 5 = 2;2;2.34
243;6 3 7 4 1 5 2 0 = 2;2;2.42
244;6 3 7 4 1 5 2 0 = 2;2;2.24
245;6 3 7 4 1 5 2 5 = 2;2;2.4
246;6 3 7 4 1 5 2 0 = 2;2;2.58
247;6 3 7 4 1 5 2 0 = 2;2;2.56
248;6 3 7 4 1 5 2 0 = 2;2;2.24
249;6 3 7 4 1 5 2 5 = 2;2;2.5
250;6 3 7 4 1 5 2 0 = 2;2;2.26
251;6 3 7 4 1 5 2 0 = 2;2;2.38
252;6 3 7 4 1 5 2 0 = 2;2;2.28
253;6 3 7 4 1 5 2 0 = 2;2;2.44
254;6 3 7 4 1 5 2 5 = 2;2;2.5
255;6 3 7 4 1 5 2 0 = 2;2;2.16
256;6 3 7 4 1 5 2 0 = 2;2;2.08
257;6 3 7 4 1 5 2 0 = 2;2;2.3
258;6 3 7 4 1 5 2 6 = 2;2;2.26
259;6 3 7 4 1 5 2 5 = 2;2;2.42
260;6 3 7 4 1 5 2 5 = 2;2;2.24
261;6 3 7 4 1 5 2 5 = 2;2;2.24
262;6 3 7 4 1 5 2 5 = 2;2;2.36
263;6 3 7 4 1 5 2 0 = 2;2;2.36
264;6 3 7 4 1 5 2 5 = 2;2;2.26
265;6 3 7 4 1 5 2 0 = 2;2;2.12
266;6 3 7 4 1 5 2 5 = 2;2;2.24
267;6 3 7 4 1 5 2 6 = 2;2;2.52
268;6 3 7 4 1 5 2 5 = 2;2;2.2
269;6 3 7 4 1 5 2 0 = 2;2;2.24
270;6 3 7 4 1 5 2 0 = 2;2;2.42
271;6 3 7 4 1 5 2 5 = 2;2;2.54
272;6 3 7 4 1 5 2 0 = 2;2;2.42
273;6 3 7 4 1 5 2 5 = 2;2;2.12
274;6 3 7 4 1 5 2 5 = 2;2;2.24
275;6 3 7 4 1 5 2 6 = 2;2;2.2
276;6 3 7 4 1 5 2 5 = 2;2;2.36
277;6 3 7 4 1 0 2 5 = 2;2;2.26
278;6 3 7 4 1 5 2 0 = 2;2;2.72
279;6 3 7 4 1 5 2 0 = 2;2;2.46
280;6 3 7 4 1 5 2 5 = 2;2;2.34
281;6 3 7 4 1 5 2 5 = 2;2;2.4
282;6 3 7 4 1 5 2 5 = 2;2;2.2
283;6 3 7 4 1 5 2 5 = 2;2;2.48
284;6 3 7 4 1 5 2 5 = 2;2;2.2
285;6 3 7 4 1 5 2 5 = 2;2;2.5
286;6 3 7 4 1 5 2 5 = 2;2;2.32
287;6 3 7 4 1 5 2 5 = 2;2;2.24
288;6 3 7 4 1 5 2 0 = 2;2;2.36
289;6 3 7 4 1 5 2 5 = 2;2;2.48
290;6 3 7 4 1 5 2 5 = 2;2;2.26
291;6 3 7 4 1 5 2 0 = 2;2;2.48
292;6 3 7 4 1 5 2 0 = 2;2;2.32
293;6 3 7 4 1 5 2 5 = 2;2;2.48
294;6 3 7 4 1 5 2 0 = 2;2;2.32
295;6 3 7 4 1 5 2 5 = 2;2;2.52
296;6 3 7 4 1 5 2 0 = 2;2;2.38
297;6 3 7 4 1 5 2 0 = 2;2;2.38
298;6 3 7 4 1 5 2 5 = 2;2;2.14
299;6 3 7 4 1 5 2 0 = 2;2;2.38
300;6 3 7 4 1 5 2 5 = 2;2;2.3
301;6 3 7 4 1 5 2 6 = 2;2;2.52
302;6 3 7 4 1 5 2 5 = 2;2;2.18
303;6 3 7 4 1 5 2 0 = 2;2;2.28
304;6 3 7 4 1 5 2 0 = 2;2;2.38
305;6 3 7 4 1 5 2 5 = 2;2;2.2
306;6 3 7 4 1 5 2 5 = 2;2;2.24
307;6 3 7 4 1 5 2 6 = 2;2;2.26
308;6 3 7 4 1 5 2 5 = 2;2;2.46
309;6 3 7 4 1 0 2 5 = 2;2;2.28
310;6 3 7 4 1 5 2 5 = 2;2;2.22
311;6 3 7 4 1 5 2 5 = 2;2;2.38
312;6 3 7 4 1 5 2 5 = 2;2;2.36
313;6 3 7 4 1 5 2 5 = 2;2;2.28
314;6 3 7 4 1 5 2 5 = 2;2;2.24
315;6 3 7 4 1 5 2 6 = 2;2;2.34
316;6 3 7 4 1 5 2 5 = 2;2;2.46
317;6 3 7 4 1 5 2 5 = 2;2;2.38
318;6 3 7 4 1 5 2 6 = 2;2;2.46
319;6 3 7 4 1 5 2 5 = 2;2;2.36
320;6 3 7 4 1 5 2 6 = 2;2;2.42
321;6 3 7 4 1 5 2 5 = 2;2;2.42
322;6 3 7 4 1 5 2 5 = 2;2;2.3
323;6 3 7 4 1 5 2 5 = 2;2;2.32
324;6 3 7 4 1 5 2 5 = 2;2;2.54
325;6 3 7 4 1 5 2 5 = 2;2;2.6
326;6 3 7 4 1 5 2 0 = 2;2;2.44
327;6 3 7 4 1 5 2 5 = 2;2;2.24
328;6 0 7 4 1 5 2 5 = 2;2;2.3
329;6 3 7 4 1 5 2 5 = 2;2;2.3
330;6 3 7 4 1 5 2 5 = 2;2;2.26
331;6 3 7 4 1 5 2 5 = 2;2;2.28
332;6 3 7 4 1 5 2 5 = 2;2;2.24
333;6 3 7 4 1 5 2 5 = 2;2;2.28
334;6 3 7 4 1 5 2 5 = 2;2;2.64
335;6 3 7 4 1 5 2 5 = 2;2;2.28
336;6 3 7 4 1 5 2 5 = 2;2;2.4
337;6 3 7 4 1 5 2 0 = 2;2;2.28
338;6 3 7 4 1 5 2 5 = 2;2;2.34
339;6 0 7 4 1 5 2 5 = 2;2;2.36
340;6 3 7 4 1 5 2 6 = 2;2;2.22
341;6 3 7 4 1 5 2 5 = 2;2;2.32
342;6 3 7 4 1 5 2 5 = 2;2;2.38
343;6 3 7 4 1 5 2 5 = 2;2;2.38
344;6 3 7 4 1 5 2 5 = 2;2;2.3
345;6 3 7 4 1 5 2 5 = 2;2;2.5
346;6 3 7 4 1 5 2 5 = 2;2;2.36
347;6 3 7 4 1 5 2 5 = 2;2;2.22
348;6 3 7 4 1 5 2 5 = 2;2;2.44
349;6 3 7 4 1 5 2 5 = 2;2;2.16
350;6 3 7 4 1 5 2 5 = 2;2;2.24
351;6 3 7 4 1 5 2 5 = 2;2;2.34
352;6 3 7 4 1 5 2 5 = 2;2;2.46
353;6 3 7 4 1 5 2 5 = 2;2;2.44
354;6 3 7 4 1 5 2 5 = 2;2;2.28
355;6 3 7 4 1 5 2 5 = 2;2;2.64
356;6 3 7 4 1 5 2 5 = 2;2;2.36
357;6 3 7 4 1 5 2 5 = 2;2;2.24
358;6 3 7 4 1 5 2 5 = 2;2;2.5
359;6 3 7 4 1 5 2 5 = 2;2;2.22
360;6 3 7 4 1 5 2 5 = 2;2;2.4
361;6 3 7 4 1 5 2 5 = 2;2;2.16
362;6 3 7 4 1 5 2 5 = 2;2;2.26
363;6 3 7 4 1 5 2 5 = 2;2;2.14
364;6 3 7 4 1 5 2 5 = 2;2;2.2
365;6 3 7 4 1 5 2 5 = 2;2;2.26
366;6 3 7 4 1 5 2 5 = 2;2;2.44
367;6 3 7 4 1 5 2 5 = 2;2;2.32
368;6 3 7 4 1 5 2 5 = 2;2;2.32
369;6 3 7 4 1 5 2 5 = 2;2;2.42
370;6 3 7 4 1 5 2 5 = 2;2;2.18
371;6 3 7 4 1 5 2 5 = 2;2;2.4
372;6 3 7 4 1 5 2 5 = 2;2;2.22
373;6 3 7 4 1 5 2 5 = 2;2;2.36
374;6 3 7 4 1 5 2 5 = 2;2;2.1
375;6 3 7 4 1 5 2 5 = 2;2;2.2
376;6 3 7 4 1 5 2 5 = 2;2;2.5
377;6 3 7 4 1 5 2 5 = 2;2;2.32
378;6 3 7 4 1 5 2 5 = 2;2;2.3
379;6 3 7 4 1 5 2 5 = 2;2;2.26
380;6 3 7 4 1 5 2 5 = 2;2;2.14
381;6 3 7 4 1 5 2 5 = 2;2;2.28
382;6 3 7 4 1 5 2 5 = 2;2;2.3
383;6 3 7 4 1 5 2 5 = 2;2;2.34
384;6 3 7 4 1 5 2 0 = 2;2;2.36
385;6 3 7 4 1 5 2 5 = 2;2;2.46
386;6 3 7 4 1 5 2 5 = 2;2;2.12
387;6 3 7 4 1 5 2 5 = 2;2;2.38
388;6 3 7 4 1 5 2 5 = 2;2;2.2
389;6 3 7 4 1 5 2 0 = 2;2;2.5
390;6 3 7 4 1 5 2 5 = 2;2;2.24
391;6 3 7 4 1 5 2 5 = 2;2;2.38
392;6 3 7 4 1 0 2 5 = 2;2;2.34
393;6 3 7 4 1 5 2 0 = 2;2;2.24
394;6 3 7 4 7 0 2 5 = 2;2;2.32
395;6 3 7 4 1 5 2 5 = 2;2;2.34
396;6 3 7 4 1 5 2 5 = 2;2;2.34
397;6 3 7 4 1 5 2 5 = 2;2;2.24
398;6 3 7 4 1 5 2 5 = 2;2;2.44
399;6 3 7 4 1 5 2 5 = 2;2;2.22
400;6 3 7 4 1 5 2 5 = 2;2;2.44
401;6 3 7 4 1 5 2 5 = 2;2;2.46
402;6 3 7 4 1 5 2 5 = 2;2;2.26
403;6 3 7 4 1 5 2 5 = 2;2;2.3
404;6 3 7 4 1 5 2 5 = 2;2;2.22
405;6 3 7 4 1 5 2 5 = 2;2;2.32
406;6 3 7 4 1 5 2 5 = 2;2;2.26
407;6 3 7 4 1 5 2 5 = 2;2;2.26
408;6 3 7 4 1 5 2 5 = 2;2;2.38
409;6 3 7 4 1 5 2 5 = 2;2;2.28
410;6 3 7 4 1 5 2 5 = 2;2;2.32
411;6 3 7 4 1 5 2 5 = 2;2;2.56
412;6 3 7 4 1 5 2 5 = 2;2;2.46
413;6 3 7 4 1 5 2 6 = 2;2;2.44
414;6 3 7 4 1 5 2 5 = 2;2;2.5
415;6 3 7 4 1 5 2 5 = 2;2;2.3
416;6 3 7 4 1 5 2 5 = 2;2;2.46
417;6 3 7 4 1 5 2 5 = 2;2;2.24
418;6 3 7 4 1 5 2 5 = 2;2;2.26
419;6 3 7 4 1 5 2 0 = 2;2;2.26
420;6 3 7 4 1 5 2 0 = 2;2;2.32
421;6 3 7 4 1 5 2 0 = 2;2;2.26
422;6 3 7 4 1 5 2 5 = 2;2;2.34
423;6 3 7 4 1 5 2 5 = 2;2;2.26
424;6 3 7 4 1 5 2 5 = 2;2;2.2
425;6 3 7 4 1 5 2 5 = 2;2;2.42
426;6 0 7 4 1 5 2 5 = 2;2;2.34
427;6 3 7 4 1 5 2 0 = 2;2;2.22
428;6 3 7 4 1 5 2 5 = 2;2;2.22
429;6 3 7 4 1 5 2 6 = 2;2;2.28
430;6 3 7 4 1 5 2 0 = 2;2;2.4
431;6 3 7 4 1 5 2 0 = 2;2;2.32
432;6 3 7 4 1 5 2 5 = 2;2;2.24
433;6 3 7 4 1 5 2 0 = 2;2;2.38
434;6 3 7 4 1 5 2 0 = 2;2;2.2
435;6 3 7 4 1 5 2 0 = 2;2;2.38
436;6 3 7 4 1 5 2 0 = 2;2;2.18
437;6 3 7 4 1 5 2 5 = 2;2;2.3
438;6 3 7 4 1 5 2 0 = 2;2;2.3
439;6 3 7 4 1 5 2 5 = 2;2;2.12
440;6 3 7 4 1 5 2 5 = 2;2;2.18
441;6 3 7 4 1 5 2 6 = 2;2;2.3
442;6 3 7 4 1 5 2 0 = 2;2;2.22
443;6 3 7 4 1 5 2 0 = 2;2;2.14
444;6 3 7 4 1 5 2 0 = 2;2;2.3
445;6 3 7 4 1 5 2 0 = 2;2;2.34
446;6 3 7 4 1 5 2 5 = 2;2;2.62
447;6 3 7 4 1 5 2 0 = 2;2;2.14
448;6 3 7 4 1 5 2 0 = 2;2;2.3
449;6 3 7 4 1 5 2 0 = 2;2;2.44
450;6 3 7 4 1 5 2 0 = 2;2;2.18
451;6 3 7 4 1 5 2 0 = 2;2;2.62
452;6 3 7 4 1 5 2 5 = 2;2;2.5
453;6 3 7 4 1 5 2 5 = 2;2;2.26
454;6 3 7 4 1 5 2 0 = 2;2;2.16
455;6 3 7 4 1 5 2 0 = 2;2;2.34
456;6 3 7 4 1 5 2 5 = 2;2;2.3
457;6 3 7 4 1 5 2 0 = 2;2;2.08
458;6 3 7 4 1 5 2 5 = 2;2;2.04
459;6 3 7 4 1 5 2 5 = 2;2;2.76
460;6 3 7 4 1 5 2 0 = 2;2;2.5
461;6 3 7 4 1 5 2 5 = 2;2;2.48
462;6 3 7 4 1 5 2 0 = 2;2;2.28
463;6 3 7 4 1 5 2 5 = 2;2;2.34
464;6 3 7 4 1 5 2 5 = 2;2;2.1
465;6 3 7 4 1 5 2 5 = 2;2;2.3
466;6 3 7 4 1 5 2 0 = 2;2;2.38
467;6 3 7 4 1 5 2 5 = 2;2;2.14
468;6 3 7 4 1 5 2 0 = 2;2;2.44
469;6 3 7 4 1 5 2 5 = 2;2;2.34
470;6 3 7 4 1 5 2 5 = 2;2;2.54
471;6 3 7 4 1 5 2 5 = 2;2;2.36
472;6 3 7 4 1 5 2 0 = 2;2;2.2
473;6 3 7 4 1 5 2 5 = 2;2;2.52
474;6 3 7 4 1 5 2 5 = 2;2;2.24
475;6 3 7 4 1 5 2 5 = 2;2;2.48
476;6 3 7 4 1 5 2 0 = 2;2;2.24
477;6 3 7 4 1 5 2 0 = 2;2;2.3
478;6 3 7 4 1 5 2 5 = 2;2;2.34
479;6 3 7 4 1 5 2 5 = 2;2;2.28
480;6 3 7 4 1 5 2 5 = 2;2;2.3
481;6 3 7 4 1 5 2 5 = 2;2;2.18
482;6 3 7 4 1 5 2 0 = 2;2;2.52
483;6 3 7 4 1 5 2 0 = 2;2;2.36
484;6 3 7 4 1 5 2 5 = 2;2;2.14
485;6 3 7 4 1 5 2 5 = 2;2;2.38
486;6 3 7 4 1 5 2 5 = 2;2;2.2
487;6 3 7 4 1 5 2 0 = 2;2;2.24
488;6 3 7 4 1 5 2 0 = 2;2;2.3
489;6 3 7 4 1 5 2 5 = 2;2;2.26
490;6 3 7 4 1 5 2 0 = 2;2;2.14
491;6 3 7 4 1 5 2 0 = 2;2;2.32
492;6 3 7 4 1 5 2 0 = 2;2;2.52
493;6 3 7 4 1 5 2 0 = 2;2;2.16
494;6 3 7 4 1 5 2 0 = 2;2;2.16
495;6 3 7 4 1 5 2 5 = 2;2;2.4
496;6 3 7 4 1 5 2 0 = 2;2;2.46
497;6 3 7 4 1 5 2 5 = 2;2;2.38
498;6 3 7 4 1 5 2 0 = 2;2;2.16
499;6 3 7 4 1 5 2 0 = 2;2;2.12
500;6 3 7 4 1 5 2 0 = 2;2;2.26
501;6 3 7 4 1 5 2 0 = 2;2;2.3
502;6 3 7 4 1 5 2 0 = 2;2;2.42
503;6 3 7 4 1 5 2 0 = 2;2;2.4
504;6 3 7 4 1 5 2 0 = 2;2;2.38
505;6 3 7 4 1 5 2 0 = 2;2;2.46
506;6 3 7 4 1 5 2 0 = 2;2;2.44
507;6 3 7 4 1 5 2 6 = 2;2;2.32
508;6 3 7 4 1 5 2 5 = 2;2;2.14
509;6 3 7 4 1 5 2 0 = 2;2;2.26
510;6 3 7 4 1 5 2 0 = 2;2;2.34
511;6 3 7 4 1 5 2 0 = 2;2;2.22
512;6 3 7 4 1 5 2 0 = 2;2;2.24
513;6 3 7 4 1 5 2 0 = 2;2;2.34
514;6 3 7 4 1 5 2 5 = 2;2;2.4
515;6 3 7 4 1 5 2 5 = 2;2;2.22
516;6 3 7 4 1 5 2 0 = 2;2;2.36
517;6 3 7 4 1 5 2 0 = 2;2;2.28
518;6 3 7 4 1 5 2 0 = 2;2;2.22
519;6 3 7 4 1 5 2 5 = 2;2;2.32
520;6 3 7 4 1 5 2 0 = 2;2;2.18
521;6 3 7 4 1 5 2 5 = 2;2;2.36
522;6 3 7 4 1 5 2 0 = 2;2;2.46
523;6 3 7 4 1 5 2 0 = 2;2;2.34
524;6 3 7 4 1 5 2 5 = 2;2;2.36
525;6 3 7 4 1 5 2 0 = 2;2;2.36
526;6 3 7 4 1 5 2 5 = 2;2;2.18
527;6 3 7 4 1 5 2 0 = 2;2;2.46
528;6 3 7 4 1 5 2 5 = 2;2;2.36
529;6 3 7 4 1 5 2 0 = 2;2;2.16
530;6 3 7 4 1 5 2 5 = 2;2;2.38
531;6 3 7 4 1 5 2 0 = 2;2;2.3
532;6 3 7 4 1 5 2 0 = 2;2;2.34
533;6 3 7 4 1 5 2 0 = 2;2;2.4
534;6 3 7 4 1 5 2 0 = 2;2;2.38
535;6 3 7 4 1 5 2 0 = 2;2;2.36
536;6 3 7 4 1 5 2 0 = 2;2;2.28
537;6 3 7 4 1 5 2 0 = 2;2;2.4
538;6 3 7 4 1 5 2 0 = 2;2;2.42
539;6 3 7 4 1 5 2 0 = 2;2;2.3
540;6 3 7 4 1 5 2 0 = 2;2;2.22
541;6 3 7 4 1 5 2 0 = 2;2;2.3
542;6 3 7 4 1 5 2 5 = 2;2;2.4
543;6 3 7 4 1 5 2 0 = 2;2;2.4
544;6 3 7 4 1 5 2 5 = 2;2;2.4
545;6 3 7 4 1 5 2 0 = 2;2;2.5
546;6 3 7 4 1 5 2 0 = 2;2;2.1
547;6 3 7 4 1 5 2 0 = 2;2;2.16
548;6 3 7 4 1 5 2 0 = 2;2;2.36
549;6 3 7 4 1 5 2 0 = 2;2;2.5
550;6 3 7 4 1 5 2 0 = 2;2;2.14
551;6 3 7 4 1 5 2 0 = 2;2;2.2
552;6 3 7 4 1 5 2 0 = 2;2;2.2
553;6 3 7 4 1 5 2 0 = 2;2;2.34
554;6 3 7 4 1 5 2 0 = 2;2;2.44
555;6 3 7 4 1 5 2 0 = 2;2;2.24
556;6 3 7 4 1 5 2 0 = 2;2;2.18
557;6 3 7 4 1 5 2 0 = 2;2;2.36
558;6 3 7 4 1 5 2 5 = 2;2;2.38
559;6 3 7 4 1 5 2 0 = 2;2;2.32
560;6 3 7 4 1 5 2 5 = 2;2;2.26
561;6 3 7 4 1 5 2 5 = 2;2;2.4
562;6 3 7 4 1 5 2 5 = 2;2;2.54
563;6 3 7 4 1 5 2 0 = 2;2;2.34
564;6 3 7 4 1 5 2 5 = 2;2;2.26
565;6 3 7 4 1 5 2 0 = 2;2;2.28
566;6 3 7 4 1 5 2 5 = 2;2;2.28
567;6 3 7 4 1 5 2 0 = 2;2;2.52
568;6 3 7 4 1 5 2 0 = 2;2;2.34
569;6 3 7 4 1 5 2 0 = 2;2;2.34
570;6 3 7 4 1 5 2 0 = 2;2;2.36
571;6 3 7 4 1 5 2 0 = 2;2;2.1
572;6 3 7 4 1 5 2 0 = 2;2;2.32
573;6 3 7 4 1 5 2 0 = 2;2;2.36
574;6 3 7 4 1 5 2 0 = 2;2;2.28
575;6 3 7 4 1 5 2 0 = 2;2;2.22
576;6 3 7 4 1 5 2 0 = 2;2;2.38
577;6 3 7 4 1 5 2 0 = 2;2;2.24
578;6 3 7 4 1 5 2 0 = 2;2;2.44
579;6 3 7 4 1 5 2 0 = 2;2;2.34
580;6 3 7 4 1 5 2 0 = 2;2;2.4
581;6 3 7 4 1 5 2 5 = 2;2;2.26
582;6 3 7 4 1 5 2 0 = 2;2;2.36
583;6 3 7 4 1 5 2 0 = 2;2;2.36
584;6 3 7 4 1 5 2 0 = 2;2;2.42
585;6 3 7 4 1 5 2 6 = 2;2;2.42
586;6 3 7 4 1 5 2 5 = 2;2;2.16
587;6 3 7 4 1 5 2 0 = 2;2;2.22
588;6 3 7 4 1 5 2 0 = 2;2;2.26
589;6 3 7 4 1 5 2 5 = 2;2;2.44
590;6 3 7 4 1 5 2 0 = 2;2;2.36
591;6 3 7 4 1 5 2 0 = 2;2;2.5
592;6 3 7 4 1 5 2 5 = 2;2;2.48
593;6 3 7 4 1 5 2 0 = 2;2;2.28
594;6 3 7 4 1 5 2 0 = 2;2;2.36
595;6 3 7 4 1 5 2 0 = 2;2;2.28
596;6 3 7 4 1 5 2 5 = 2;2;2.34
597;6 3 7 4 1 5 2 0 = 2;2;2.32
598;6 3 7 4 1 5 2 0 = 2;2;2.4
599;6 3 7 4 1 5 2 0 = 2;2;2.24
600;6 3 7 4 1 5 2 5 = 2;2;2.44
601;6 3 7 4 1 5 2 0 = 2;2;2.28
602;6 3 7 4 1 5 2 6 = 2;2;2.16
603;6 3 7 4 1 5 2 0 = 2;2;2.3
604;6 3 7 4 1 5 2 0 = 2;2;2.32
605;6 3 7 4 1 5 2 5 = 2;2;2.22
606;6 3 7 4 1 5 2 6 = 2;2;2.34
607;6 3 7 4 1 5 2 0 = 2;2;2.64
608;6 3 7 4 1 5 2 0 = 2;2;2.44
609;6 3 7 4 1 5 2 0 = 2;2;2.16
610;6 3 7 4 1 5 2 0 = 2;2;2.34
611;6 3 7 4 1 5 2 0 = 2;2;2.2
612;6 3 7 4 1 5 2 0 = 2;2;2.34
613;6 3 7 4 1 5 2 5 = 2;2;2.78
614;6 3 7 4 1 5 2 0 = 2;2;2.26
615;6 3 7 4 1 5 2 5 = 2;2;2.2
616;6 3 7 4 1 5 2 5 = 2;2;2.24
617;6 3 7 4 1 5 2 0 = 2;2;2.14
618;6 3 7 4 1 5 2 0 = 2;2;2.36
619;6 3 7 4 1 5 2 5 = 2;2;2.22
620;6 3 7 4 1 5 2 0 = 2;2;2.46
621;6 3 7 4 1 5 2 0 = 2;2;2.52
622;6 3 7 4 1 5 2 0 = 2;2;2.18
623;6 3 7 4 1 5 2 0 = 2;2;2.42
624;6 3 7 4 1 5 2 0 = 2;2;2.24
625;6 3 7 4 1 5 2 5 = 2;2;2.08
626;6 3 7 4 1 5 2 0 = 2;2;2.34
627;6 3 7 4 1 5 2 0 = 2;2;2.36
628;6 3 7 4 1 5 2 0 = 2;2;2.4
629;6 3 7 4 1 5 2 0 = 2;2;2.32
630;6 3 7 4 1 5 2 0 = 2;2;2.44
631;6 3 7 4 1 5 2 0 = 2;2;2.2
632;6 3 7 4 1 5 2 0 = 2;2;2.38
633;6 3 7 4 1 5 2 0 = 2;2;2.56
634;6 3 7 4 1 5 2 0 = 2;2;2.34
635;6 3 7 4 1 5 2 0 = 2;2;2.24
636;6 3 7 4 1 5 2 0 = 2;2;2.08
637;6 3 7 4 1 5 2 0 = 2;2;2.6
638;6 3 7 4 1 5 2 0 = 2;2;2.34
639;6 3 7 4 1 5 2 0 = 2;2;2.24
640;6 3 7 4 1 5 2 0 = 2;2;2.4
641;6 3 7 4 1 5 2 0 = 2;2;2.32
642;6 3 7 4 1 5 2 0 = 2;2;2.36
643;6 3 7 4 1 5 2 0 = 2;2;2.56
644;6 3 7 4 1 5 2 0 = 2;2;2.18
645;6 3 7 4 1 5 2 0 = 2;2;2.28
646;6 3 7 4 1 5 2 0 = 2;2;2.5
647;6 3 7 4 1 5 2 0 = 2;2;2.14
648;6 3 7 4 1 5 2 0 = 2;2;2.16
649;6 3 7 4 1 5 2 0 = 2;2;2.22
650;6 3 7 4 1 5 2 0 = 2;2;2.48
651;6 3 7 4 1 5 2 0 = 2;2;2.22
652;6 3 7 4 1 5 2 5 = 2;2;2.3
653;6 3 7 4 1 5 2 0 = 2;2;2.28
654;6 3 7 4 1 5 2 0 = 2;2;2.42
655;6 3 7 4 1 5 2 0 = 2;2;2.38
656;6 3 7 4 1 5 2 0 = 2;2;2.16
657;6 3 7 4 1 5 2 0 = 2;2;2.44
658;6 3 7 4 1 5 2 0 = 2;2;2.2
659;6 3 7 4 1 5 2 0 = 2;2;2.3
660;6 3 7 4 1 5 2 0 = 2;2;2.14
661;6 3 7 4 1 5 2 5 = 2;2;2.24
662;6 3 7 4 1 5 2 0 = 2;2;2.18
663;6 3 7 4 1 5 2 0 = 2;2;2.38
664;6 3 7 4 1 5 2 0 = 2;2;2.42
665;6 3 7 4 1 5 2 5 = 2;2;2.42
666;6 3 7 4 1 5 2 0 = 2;2;2.3
667;6 3 7 4 1 5 2 0 = 2;2;2.46
668;6 3 7 4 1 5 2 0 = 2;2;2.54
669;6 3 7 4 1 5 2 0 = 2;2;2.48
670;6 3 7 4 1 5 2 5 = 2;2;2.3
671;6 3 7 4 1 5 2 5 = 2;2;2.34
672;6 3 7 4 1 5 2 6 = 2;2;2.36
673;6 3 7 4 1 5 2 0 = 2;2;2.22
674;6 3 7 4 1 5 2 0 = 2;2;2.36
675;6 3 7 4 1 5 2 5 = 2;2;2.22
676;6 3 7 4 1 5 2 0 = 2;2;2.32
677;6 3 7 4 1 5 2 0 = 2;2;2.36
678;6 3 7 4 1 5 2 0 = 2;2;2.3
679;6 3 7 4 1 5 2 0 = 2;2;2.4
680;6 3 7 4 1 5 2 0 = 2;2;2.44
681;6 3 7 4 1 5 2 0 = 2;2;2.38
682;6 3 7 4 1 5 2 0 = 2;2;2.52
683;6 3 7 4 1 5 2 0 = 2;2;2.28
684;6 3 7 4 1 5 2 0 = 2;2;2.26
685;6 3 7 4 1 5 2 5 = 2;2;2.18
686;6 3 7 4 1 5 2 5 = 2;2;2.42
687;6 3 7 4 1 5 2 0 = 2;2;2.7
688;6 3 7 4 1 5 2 0 = 2;2;2.32
689;6 3 7 4 1 5 2 0 = 2;2;2.36
690;6 3 7 4 1 5 2 0 = 2;2;2.48
691;6 3 7 4 1 5 2 0 = 2;2;2.1
692;6 3 7 4 1 5 2 0 = 2;2;2.38
693;6 3 7 4 1 5 2 6 = 2;2;2.4
694;6 3 7 4 1 5 2 0 = 2;2;2.26
695;6 3 7 4 1 5 2 0 = 2;2;2.32
696;6 3 7 4 1 5 2 5 = 2;2;2.4
697;6 3 7 4 1 5 2 0 = 2;2;2.14
698;6 3 7 4 1 5 2 0 = 2;2;2.52
699;6 3 7 4 1 5 2 0 = 2;2;2.34
700;6 3 7 4 1 5 2 0 = 2;2;2.38
701;6 3 7 4 1 5 2 5 = 2;2;2.6
702;6 3 7 4 1 5 2 0 = 2;2;2.38
703;6 3 7 4 1 5 2 5 = 2;2;2.2
704;6 3 7 4 1 5 2 0 = 2;2;2.26
705;6 3 7 4 1 5 2 5 = 2;2;2.58
706;6 3 7 4 1 5 2 0 = 2;2;2.46
707;6 3 7 4 1 5 2 0 = 2;2;2.32
708;6 3 7 4 1 5 2 0 = 2;2;2.36
709;6 3 7 4 1 5 2 0 = 2;2;2.3
710;6 3 7 4 1 5 2 0 = 2;2;2.26
711;6 3 7 4 1 5 2 5 = 2;2;2.12
712;6 3 7 4 1 5 2 0 = 2;2;2.24
713;6 3 7 4 1 5 2 0 = 2;2;2.4
714;6 3 7 4 1 5 2 5 = 2;2;2.2
715;6 3 7 4 1 5 2 5 = 2;2;2.08
716;6 3 7 4 1 5 2 0 = 2;2;2.36
717;6 3 7 4 1 5 2 0 = 2;2;2.4
718;6 3 7 4 1 5 2 5 = 2;2;2.42
719;6 3 7 4 1 5 2 0 = 2;2;2.24
720;6 3 7 4 1 5 2 5 = 2;2;2.26
721;6 3 7 4 1 5 2 0 = 2;2;2.1
722;6 3 7 4 1 5 2 0 = 2;2;2.28
723;6 3 7 4 1 5 2 5 = 2;2;2.18
724;6 3 7 4 1 5 2 5 = 2;2;2.28
725;6 3 7 4 1 5 2 5 = 2;2;2.6
726;6 3 7 4 1 5 2 0 = 2;2;2.5
727;6 3 7 4 1 5 2 5 = 2;2;2.26
728;6 3 7 4 1 5 2 0 = 2;2;2.14
729;6 3 7 4 1 5 2 5 = 2;2;2.22
730;6 3 7 4 1 5 2 5 = 2;2;2.26
731;6 3 7 4 1 5 2 0 = 2;2;2.26
732;6 3 7 4 1 5 2 5 = 2;2;2.24
733;6 3 7 4 1 5 2 5 = 2;2;2.46
734;6 3 7 4 1 5 2 0 = 2;2;2.36
735;6 3 7 4 1 5 2 0 = 2;2;2.36
736;6 3 7 4 1 5 2 5 = 2;2;2.22
737;6 3 7 4 1 5 2 5 = 2;2;2.34
738;6 3 7 4 1 5 2 5 = 2;2;2.46
739;6 3 7 4 1 5 2 5 = 2;2;2.42
740;6 3 7 4 1 5 2 5 = 2;2;2.4
741;6 3 7 4 1 5 2 5 = 2;2;2.54
742;6 3 7 4 1 5 2 6 = 2;2;2.28
743;6 3 7 4 1 5 2 0 = 2;2;2.14
744;6 3 7 4 1 5 2 5 = 2;2;2.22
745;6 3 7 4 1 5 2 5 = 2;2;2.6
746;6 3 7 4 1 5 2 5 = 2;2;2.38
747;6 3 7 4 1 5 2 0 = 2;2;2.44
748;6 3 7 4 1 5 2 5 = 2;2;2.22
749;6 3 7 4 1 5 2 5 = 2;2;2.36
750;6 3 7 4 1 5 2 5 = 2;2;2.12
751;6 3 7 4 1 5 2 5 = 2;2;2.28
752;6 3 7 4 1 5 2 5 = 2;2;2.4
753;6 3 7 4 1 5 2 5 = 2;2;2.26
754;6 3 7 4 1 5 2 5 = 2;2;2.2
755;6 3 7 4 1 5 2 5 = 2;2;2.24
756;6 3 7 4 1 5 2 5 = 2;2;2.18
757;6 3 7 4 1 5 2 5 = 2;2;2.48
758;6 3 7 4 1 5 2 5 = 2;2;2.54
759;6 3 7 4 1 5 2 5 = 2;2;2.24
760;6 3 7 4 1 5 2 5 = 2;2;2.56
761;6 3 7 4 1 5 2 5 = 2;2;2.16
762;6 3 7 4 1 5 2 5 = 2;2;2.52
763;6 3 7 4 1 5 2 5 = 2;2;2.2
764;6 3 7 4 1 5 2 5 = 2;2;2.5
765;6 3 7 4 1 5 2 5 = 2;2;2.22
766;6 3 7 4 1 5 2 5 = 2;2;2.42
767;6 3 7 4 1 5 2 5 = 2;2;2.3
768;6 3 7 4 1 5 2 5 = 2;2;2.26
769;6 3 7 4 1 5 2 5 = 2;2;2.42
770;6 3 7 4 1 5 2 5 = 2;2;2.28
771;6 3 7 4 1 5 2 5 = 2;2;2.3
772;6 3 7 4 1 5 2 5 = 2;2;2.6
773;6 3 7 4 1 5 2 5 = 2;2;2.24
774;6 3 7 4 1 5 2 0 = 2;2;2.44
775;6 3 7 4 1 5 2 5 = 2;2;2.24
776;6 3 7 4 1 5 2 0 = 2;2;2.36
777;6 3 7 4 1 5 2 5 = 2;2;2.32
778;6 3 7 4 1 5 2 5 = 2;2;2.36
779;6 3 7 4 1 5 2 5 = 2;2;2.3
780;6 3 7 4 1 5 2 5 = 2;2;2.18
781;6 3 7 4 1 5 2 5 = 2;2;2.52
782;6 3 7 4 1 5 2 5 = 2;2;2.3
783;6 3 7 4 1 5 2 5 = 2;2;2.26
784;6 3 7 4 1 5 2 5 = 2;2;2.42
785;6 3 7 4 1 5 2 5 = 2;2;2.22
786;6 3 7 4 1 5 2 5 = 2;2;2.24
787;6 3 7 4 1 5 2 5 = 2;2;2.42
788;6 3 7 4 1 5 2 0 = 2;2;2.18
789;6 3 7 4 1 5 2 5 = 2;2;2.16
790;6 3 7 4 1 5 2 5 = 2;2;2.42
791;6 3 7 4 1 5 2 5 = 2;2;2.4
792;6 3 7 4 1 5 2 5 = 2;2;2.4
793;6 3 7 4 1 5 2 5 = 2;2;2.4
794;6 3 7 4 1 5 2 5 = 2;2;2.22
795;6 3 7 4 1 5 2 5 = 2;2;2.2
796;6 3 7 4 1 5 2 5 = 2;2;2.32
797;6 3 7 4 1 5 2 6 = 2;2;2.28
798;6 3 7 4 1 5 2 5 = 2;2;2.38
799;6 3 7 4 1 5 2 5 = 2;2;2.32
800;6 3 7 4 1 5 2 5 = 2;2;2.38
801;6 3 7 4 1 5 2 5 = 2;2;2.06
802;6 3 7 4 1 5 2 5 = 2;2;2.38
803;6 3 7 4 1 5 2 0 = 2;2;2.36
804;6 3 7 4 1 5 2 6 = 2;2;2.32
805;6 3 7 4 1 5 2 5 = 2;2;2.38
806;6 3 7 4 1 5 2 5 = 2;2;2.52
807;6 3 7 4 1 5 2 5 = 2;2;2.3
808;6 3 7 4 1 5 2 6 = 2;2;2.36
809;6 3 7 4 1 5 2 6 = 2;2;2.38
810;6 3 7 4 1 5 2 5 = 2;2;2.32
811;6 3 7 4 1 5 2 5 = 2;2;2.18
812;6 3 7 4 1 5 2 5 = 2;2;2.14
813;6 3 7 4 1 5 2 5 = 2;2;2.26
814;6 3 7 4 1 5 2 5 = 2;2;2.48
815;6 3 7 4 1 5 2 6 = 2;2;2.6
816;6 3 7 4 1 5 2 0 = 2;2;2.22
817;6 3 7 4 1 5 2 0 = 2;2;2.42
818;6 3 7 4 1 5 2 5 = 2;2;2.36
819;6 3 7 4 1 5 2 5 = 2;2;2.3
820;6 3 7 4 1 5 2 6 = 2;2;2.1
821;6 3 7 4 1 5 2 5 = 2;2;2.36
822;6 3 7 4 1 5 2 5 = 2;2;2.44
823;6 3 7 4 1 5 2 0 = 2;2;2.4
824;6 3 7 4 1 5 2 5 = 2;2;2.44
825;6 3 7 4 1 5 2 5 = 2;2;2.58
826;6 3 7 4 1 5 2 5 = 2;2;2.24
827;6 3 7 4 1 5 2 5 = 2;2;2.42
828;6 0 7 4 1 5 2 5 = 2;2;2.54
829;6 3 7 4 1 5 2 5 = 2;2;2.26
830;6 0 7 4 1 5 2 5 = 2;2;2.46
831;6 3 7 4 1 5 2 6 = 2;2;2.42
832;6 3 7 4 1 5 2 5 = 2;2;2.4
833;6 3 7 4 1 5 2 5 = 2;2;2.36
834;6 3 7 4 1 5 2 5 = 2;2;2.2
835;6 3 7 4 1 5 2 5 = 2;2;2.28
836;6 3 7 4 1 5 2 5 = 2;2;2.6
837;6 3 7 4 1 5 2 5 = 2;2;2.36
838;6 3 7 4 1 5 2 5 = 2;2;2.2
839;6 3 7 4 1 0 2 5 = 2;2;2.3
840;6 3 7 4 1 5 2 6 = 2;2;2.3
841;6 3 7 4 1 5 2 5 = 2;2;2.4
842;6 3 7 4 1 5 2 5 = 2;2;2.36
843;6 3 7 4 1 5 2 5 = 2;2;2.34
844;6 3 7 4 1 5 2 5 = 2;2;2.26
845;6 3 7 4 1 5 2 6 = 2;2;2.4
846;6 3 7 4 1 5 2 5 = 2;2;2.32
847;6 3 7 4 1 5 2 5 = 2;2;2.32
848;6 3 7 4 1 5 2 5 = 2;2;2.2
849;6 3 7 4 1 0 2 5 = 2;2;2.62
850;6 3 7 4 1 5 2 5 = 2;2;2.58
851;6 3 7 4 1 5 2 5 = 2;2;2.32
852;6 3 7 4 1 5 2 5 = 2;2;2.16
853;6 3 7 4 1 5 2 5 = 2;2;2.54
854;6 3 7 4 1 5 2 5 = 2;2;2.28
855;6 3 7 4 1 5 2 5 = 2;2;2.38
856;6 3 7 4 1 5 2 5 = 2;2;2.38
857;6 3 7 4 1 0 2 5 = 2;2;2.38
858;6 3 7 4 1 0 2 5 = 2;2;2.12
859;6 3 7 4 1 5 2 5 = 2;2;2.52
860;6 3 7 4 1 5 2 6 = 2;2;2.18
861;6 3 7 4 1 5 2 5 = 2;2;2.38
862;6 3 7 4 1 5 2 5 = 2;2;2.46
863;6 3 7 4 1 5 2 5 = 2;2;2.4
864;6 3 7 4 1 5 2 5 = 2;2;2.44
865;6 3 7 4 1 5 2 5 = 2;2;2.4
866;6 3 7 4 1 5 2 0 = 2;2;2.28
867;6 3 7 4 1 5 2 0 = 2;2;2.48
868;6 3 7 4 1 5 2 5 = 2;2;2.24
869;6 3 7 4 1 0 2 5 = 2;2;2.48
870;6 3 7 4 1 5 2 5 = 2;2;2.3
871;6 3 7 4 1 5 2 0 = 2;2;2.44
872;6 3 7 4 1 5 2 5 = 2;2;2.5
873;6 3 7 4 1 5 2 5 = 2;2;2.42
874;6 3 7 4 1 5 2 5 = 2;2;2.46
875;6 3 7 4 1 5 2 5 = 2;2;2.42
876;6 3 7 4 1 5 2 5 = 2;2;2.36
877;6 3 7 4 1 5 2 5 = 2;2;2.24
878;6 3 7 4 1 5 2 5 = 2;2;2.38
879;6 3 7 4 1 5 2 5 = 2;2;2.4
880;6 3 7 4 1 5 2 5 = 2;2;2.32
881;6 3 7 4 1 5 2 5 = 2;2;2.28
882;6 3 7 4 1 5 2 5 = 2;2;2.26
883;6 3 7 4 1 5 2 5 = 2;2;2.44
884;6 3 7 4 1 5 2 5 = 2;2;2.4
885;6 3 7 4 1 5 2 5 = 2;2;2.6
886;6 3 7 4 1 5 2 5 = 2;2;2.2
887;6 3 7 4 1 5 2 5 = 2;2;2.48
888;6 3 7 4 1 5 2 5 = 2;2;2.4
889;6 3 7 4 1 5 2 0 = 2;2;2.66
890;6 3 7 4 1 5 2 5 = 2;2;2.24
891;6 3 7 4 1 5 2 5 = 2;2;2.2
892;6 3 7 4 1 5 2 0 = 2;2;2.4
893;6 3 7 4 1 5 2 5 = 2;2;2.28
894;6 3 7 4 1 5 2 5 = 2;2;2.44
895;6 3 7 4 1 5 2 5 = 2;2;2.5
896;6 3 7 4 1 5 2 5 = 2;2;2.28
897;6 3 7 4 1 5 2 5 = 2;2;2.44
898;6 3 7 4 1 5 2 0 = 2;2;2.28
899;6 3 7 4 1 5 2 5 = 2;2;2.24
900;6 3 7 4 1 5 2 0 = 2;2;2.12
901;6 3 7 4 1 5 2 0 = 2;2;2.2
902;6 3 7 4 1 5 2 5 = 2;2;2.38
903;6 3 7 4 1 5 2 0 = 2;2;2.24
904;6 3 7 4 1 5 2 0 = 2;2;2.34
905;6 3 7 4 1 5 2 5 = 2;2;2.34
906;6 3 7 4 1 5 2 0 = 2;2;2.06
907;6 3 7 4 1 5 2 0 = 2;2;2.4
908;6 3 7 4 1 5 2 6 = 2;2;2.56
909;6 3 7 4 1 5 2 0 = 2;2;2.38
910;6 3 7 4 1 5 2 0 = 2;2;2.3
911;6 3 7 4 1 5 2 0 = 2;2;2.34
912;6 3 7 4 1 5 2 5 = 2;2;2.24
913;6 3 7 4 1 5 2 5 = 2;2;2.32
914;6 3 7 4 1 5 2 0 = 2;2;2.32
915;6 3 7 4 1 5 2 0 = 2;2;2.16
916;6 3 7 4 1 5 2 5 = 2;2;2.32
917;6 3 7 4 1 5 2 0 = 2;2;2.24
918;6 3 7 4 1 5 2 5 = 2;2;2.46
919;6 3 7 4 1 5 2 5 = 2;2;2.2
920;6 3 7 4 1 5 2 0 = 2;2;2.3
921;6 3 7 4 1 5 2 0 = 2;2;2.44
922;6 3 7 4 1 5 2 0 = 2;2;2.38
923;6 3 7 4 1 5 2 5 = 2;2;2.46
924;6 3 7 4 1 5 2 5 = 2;2;2.54
925;6 3 7 4 1 5 2 0 = 2;2;2.4
926;6 3 7 4 1 5 2 0 = 2;2;2.46
927;6 3 7 4 1 5 2 0 = 2;2;2.78
928;6 3 7 4 1 5 2 0 = 2;2;2.52
929;6 3 7 4 1 5 2 0 = 2;2;2.2
930;6 3 7 4 1 5 2 0 = 2;2;2.56
931;6 3 7 4 1 5 2 0 = 2;2;2.36
932;6 3 7 4 1 5 2 0 = 2;2;2.3
933;6 3 7 4 1 5 2 0 = 2;2;2.28
934;6 3 7 4 1 5 2 0 = 2;2;2.22
935;6 3 7 4 1 5 2 0 = 2;2;2.18
936;6 3 7 4 1 5 2 0 = 2;2;2.2
937;6 3 7 4 1 5 2 0 = 2;2;2.56
938;6 3 7 4 1 5 2 0 = 2;2;2.38
939;6 3 7 4 1 5 2 0 = 2;2;2.48
940;6 3 7 4 1 5 2 0 = 2;2;2.36
941;6 3 7 4 1 5 2 0 = 2;2;2.48
942;6 3 7 4 1 5 2 0 = 2;2;2.36
943;6 3 7 4 1 5 2 0 = 2;2;2.22
944;6 3 7 4 1 5 2 5 = 2;2;2.36
945;6 3 7 4 1 5 2 0 = 2;2;2.12
946;6 3 7 4 1 5 2 0 = 2;2;2.18
947;6 3 7 4 1 5 2 0 = 2;2;2.32
948;6 3 7 4 1 5 2 0 = 2;2;2.2
949;6 3 7 4 1 5 2 5 = 2;2;2.36
950;6 3 7 4 1 5 2 0 = 2;2;2.3
951;6 3 7 4 1 5 2 5 = 2;2;2.2
952;6 3 7 4 1 5 2 5 = 2;2;2.32
953;6 3 7 4 1 5 2 0 = 2;2;2.32
954;6 3 7 4 1 5 2 6 = 2;2;2.18
955;6 3 7 4 1 5 2 0 = 2;2;2.14
956;6 3 7 4 1 5 2 0 = 2;2;2.44
957;6 3 7 4 1 5 2 0 = 2;2;2.38
958;6 3 7 4 1 5 2 0 = 2;2;2.24
959;6 3 7 4 1 5 2 5 = 2;2;2.16
960;6 3 7 4 1 5 2 0 = 2;2;2.46
961;6 3 7 4 1 5 2 0 = 2;2;2.36
962;6 3 7 4 1 5 2 0 = 2;2;2.16
963;6 3 7 4 1 5 2 0 = 2;2;2.32
964;6 3 7 4 1 5 2 0 = 2;2;2.26
965;6 3 7 4 1 5 2 0 = 2;2;2.34
966;6 3 7 4 1 5 2 0 = 2;2;2.28
967;6 3 7 4 1 5 2 0 = 2;2;2.38
968;6 3 7 4 1 5 2 0 = 2;2;2.3
969;6 3 7 4 1 5 2 0 = 2;2;2.28
970;6 3 7 4 1 5 2 0 = 2;2;2.14
971;6 3 7 4 1 5 2 0 = 2;2;2.32
972;6 3 7 4 1 5 2 5 = 2;2;2.18
973;6 3 7 4 1 5 2 0 = 2;2;2.28
974;6 3 7 4 1 5 2 0 = 2;2;2.32
975;6 3 7 4 1 5 2 0 = 2;2;2.44
976;6 3 7 4 1 5 2 5 = 2;2;2.44
977;6 3 7 4 1 5 2 0 = 2;2;2.3
978;6 3 7 4 1 5 2 0 = 2;2;2.38
979;6 3 7 4 1 5 2 0 = 2;2;2.44
980;6 3 7 4 1 5 2 5 = 2;2;2.32
981;6 3 7 4 1 5 2 5 = 2;2;2.4
982;6 3 7 4 1 5 2 0 = 2;2;2.16
983;6 3 7 4 1 5 2 0 = 2;2;2.46
984;6 3 7 4 1 5 2 5 = 2;2;2.0
985;6 3 7 4 1 5 2 0 = 2;2;2.2
986;6 3 7 4 1 5 2 0 = 2;2;2.38
987;6 3 7 4 1 5 2 0 = 2;2;2.28
988;6 3 7 4 1 5 2 0 = 2;2;2.28
989;6 3 7 4 1 5 2 5 = 2;2;2.26
990;6 3 7 4 1 5 2 0 = 2;2;2.22
991;6 3 7 4 1 5 2 5 = 2;2;2.5
992;6 3 7 4 1 5 2 0 = 2;2;2.32
993;6 3 7 4 1 5 2 0 = 2;2;2.44
994;6 3 7 4 1 5 2 0 = 2;2;2.28
995;6 3 7 4 1 5 2 5 = 2;2;2.4
996;6 3 7 4 1 5 2 5 = 2;2;2.28
997;6 3 7 4 1 5 2 5 = 2;2;2.44
998;6 3 7 4 1 5 2 5 = 2;2;2.22
999;6 3 7 4 1 5 2 5 = 2;2;2.28
1000;6 3 7 4 1 5 2 5 = 2;2;2.56
1001;6 3 7 4 1 5 2 0 = 2;2;2.22
1002;6 3 7 4 1 5 2 5 = 2;2;2.42
1003;6 0 7 4 1 5 2 5 = 2;2;2.22
1004;6 3 7 4 1 5 2 5 = 2;2;2.2
1005;6 3 7 4 1 5 2 5 = 2;2;2.36
1006;6 3 7 4 1 5 2 0 = 2;2;2.34
1007;6 3 7 4 1 5 2 5 = 2;2;2.44
1008;6 3 7 4 1 5 2 5 = 2;2;2.34
1009;6 3 7 4 1 5 2 5 = 2;2;2.26
1010;6 3 7 4 1 5 2 5 = 2;2;2.18
1011;6 3 7 4 1 5 2 0 = 2;2;2.42
1012;6 3 7 4 1 5 2 0 = 2;2;2.56
1013;6 3 7 4 1 5 2 0 = 2;2;2.42
1014;6 3 7 4 1 5 2 0 = 2;2;2.4
1015;6 3 7 4 1 5 2 0 = 2;2;2.52
1016;6 3 7 4 1 5 2 5 = 2;2;2.38
1017;6 3 7 4 1 5 2 5 = 2;2;2.26
1018;6 3 7 4 1 5 2 5 = 2;2;2.28
1019;6 3 7 4 1 5 2 5 = 2;2;2.24
1020;6 3 7 4 1 5 2 5 = 2;2;2.58
1021;6 3 7 4 1 5 2 6 = 2;2;2.4
1022;6 3 7 4 1 5 2 5 = 2;2;2.42
1023;6 3 7 4 1 5 2 6 = 2;2;2.24
1024;6 3 7 4 1 5 2 0 = 2;2;2.42
1025;6 3 7 4 1 5 2 5 = 2;2;2.16
1026;6 3 7 4 1 5 2 5 = 2;2;2.24
1027;6 3 7 4 1 5 2 6 = 2;2;2.52
1028;6 3 7 4 1 5 2 5 = 2;2;2.16
1029;6 3 7 4 1 5 2 6 = 2;2;2.48
1030;6 3 7 4 1 5 2 5 = 2;2;2.3
1031;6 3 7 4 1 5 2 5 = 2;2;2.3
1032;6 3 7 4 1 5 2 5 = 2;2;2.08
1033;6 3 7 4 1 5 2 0 = 2;2;2.12
1034;6 3 7 4 1 5 2 0 = 2;2;2.28
1035;6 3 7 4 1 5 2 0 = 2;2;2.16
1036;6 3 7 4 1 5 2 5 = 2;2;2.24
1037;6 3 7 4 1 5 2 5 = 2;2;2.32
1038;6 3 7 4 1 5 2 0 = 2;2;2.24
1039;6 3 7 4 1 5 2 6 = 2;2;2.36
1040;6 3 7 4 1 5 2 0 = 2;2;2.28
1041;6 3 7 4 1 5 2 5 = 2;2;2.36
1042;6 3 7 4 1 5 2 5 = 2;2;2.38
1043;6 3 7 4 1 5 2 6 = 2;2;2.28
1044;6 3 7 4 1 5 2 5 = 2;2;2.36
1045;6 3 7 4 1 5 2 5 = 2;2;2.24
1046;6 3 7 4 1 5 2 5 = 2;2;2.24
1047;6 3 7 4 1 5 2 6 = 2;2;2.24
1048;6 3 7 4 1 5 2 5 = 2;2;2.28
1049;6 3 7 4 1 5 2 5 = 2;2;2.4
1050;6 3 7 4 1 5 2 5 = 2;2;2.42
1051;6 3 7 4 1 5 2 5 = 2;2;2.42
1052;6 3 7 4 1 5 2 5 = 2;2;2.3
1053;6 3 7 4 1 5 2 5 = 2;2;2.26
1054;6 3 7 4 1 5 2 5 = 2;2;2.32
1055;6 3 7 4 1 5 2 5 = 2;2;2.42
1056;6 3 7 4 1 5 2 5 = 2;2;2.54
1057;6 3 7 4 1 5 2 6 = 2;2;2.22
1058;6 3 7 4 1 5 2 6 = 2;2;2.36
1059;6 3 7 4 1 5 2 5 = 2;2;2.26
1060;6 3 7 4 1 5 2 5 = 2;2;2.42
1061;6 3 7 4 1 5 2 5 = 2;2;2.58
1062;6 3 7 4 1 5 2 5 = 2;2;2.34
1063;6 3 7 4 1 5 2 5 = 2;2;2.26
1064;6 3 7 4 1 5 2 5 = 2;2;2.32
1065;6 3 7 4 1 5 2 5 = 2;2;2.32
1066;6 3 7 4 1 5 2 5 = 2;2;2.42
1067;6 3 7 4 1 5 2 5 = 2;2;2.36
1068;6 3 7 4 1 5 2 5 = 2;2;2.32
1069;6 3 7 4 1 5 2 5 = 2;2;2.4
1070;6 3 7 4 1 5 2 5 = 2;2;2.42
1071;6 3 7 4 1 5 2 5 = 2;2;2.38
1072;6 3 7 4 1 5 2 5 = 2;2;2.36
1073;6 3 7 4 1 5 2 5 = 2;2;2.2
1074;6 3 7 4 1 5 2 5 = 2;2;2.46
1075;6 3 7 4 1 5 2 5 = 2;2;2.26
1076;6 3 7 4 1 5 2 5 = 2;2;2.12
1077;6 3 7 4 1 5 2 5 = 2;2;2.16
1078;6 3 7 4 1 5 2 5 = 2;2;2.5
1079;6 3 7 4 1 5 2 5 = 2;2;2.2
1080;6 3 7 4 1 5 2 5 = 2;2;2.16
1081;6 3 7 4 1 5 2 5 = 2;2;2.18
1082;6 3 7 4 1 5 2 5 = 2;2;2.26
1083;6 3 7 4 1 5 2 5 = 2;2;2.48
1084;6 3 7 4 1 5 2 5 = 2;2;2.28
1085;6 3 7 4 1 5 2 5 = 2;2;2.28
1086;6 3 7 4 1 5 2 5 = 2;2;2.34
1087;6 3 7 4 1 5 2 5 = 2;2;2.3
1088;6 3 7 4 1 5 2 5 = 2;2;2.48
1089;6 3 7 4 1 5 2 5 = 2;2;2.24
1090;6 3 7 4 1 5 2 6 = 2;2;2.2
1091;6 3 7 4 1 5 2 5 = 2;2;2.38
1092;6 3 7 4 1 5 2 5 = 2;2;2.44
1093;6 3 7 4 1 5 2 5 = 2;2;2.28
1094;6 3 7 4 1 5 2 5 = 2;2;2.14
1095;6 3 7 4 1 5 2 5 = 2;2;2.28
1096;6 3 7 4 1 5 2 5 = 2;2;2.36
1097;6 3 7 4 1 5 2 5 = 2;2;2.24
1098;6 3 7 4 1 5 2 5 = 2;2;2.2
1099;6 3 7 4 1 5 2 5 = 2;2;2.34
1100;6 3 7 4 1 5 2 5 = 2;2;2.38
1101;6 3 7 4 1 5 2 5 = 2;2;2.44
1102;6 3 7 4 1 5 2 5 = 2;2;2.22
1103;6 3 7 4 1 5 2 5 = 2;2;2.32
1104;6 3 7 4 1 5 2 5 = 2;2;2.28
1105;6 3 7 4 1 5 2 5 = 2;2;2.44
1106;6 3 7 4 1 5 2 5 = 2;2;2.34
1107;6 3 7 4 1 5 2 5 = 2;2;2.32
1108;6 3 7 4 1 5 2 5 = 2;2;2.46
1109;6 3 7 4 1 5 2 5 = 2;2;2.28
1110;6 3 7 4 1 5 2 5 = 2;2;2.36
1111;6 3 7 4 1 5 2 5 = 2;2;2.26
1112;6 3 7 4 1 5 2 5 = 2;2;2.26
1113;6 3 7 4 1 5 2 5 = 2;2;2.18
1114;6 3 7 4 1 5 2 5 = 2;2;2.4
1115;6 3 7 4 1 5 2 5 = 2;2;2.4
1116;6 3 7 4 1 5 2 5 = 2;2;2.46
1117;6 3 7 4 1 5 2 5 = 2;2;2.32
1118;6 3 7 4 1 5 2 5 = 2;2;2.42
1119;6 3 7 4 1 5 2 5 = 2;2;2.34
1120;6 3 7 4 1 5 2 6 = 2;2;2.36
1121;6 3 7 4 1 5 2 5 = 2;2;2.32
1122;6 3 7 4 1 5 2 5 = 2;2;2.38
1123;6 3 7 4 1 5 2 5 = 2;2;2.26
1124;6 3 7 4 1 5 2 5 = 2;2;2.24
1125;6 3 7 4 1 5 2 5 = 2;2;2.12
1126;6 3 7 4 1 5 2 5 = 2;2;2.2
1127;6 3 7 4 1 5 2 5 = 2;2;2.48
1128;6 3 7 4 1 5 2 5 = 2;2;2.28
1129;6 3 7 4 1 5 2 5 = 2;2;2.24
1130;6 3 7 4 1 5 2 5 = 2;2;2.32
1131;6 3 7 4 1 5 2 5 = 2;2;2.42
1132;6 3 7 4 1 5 2 5 = 2;2;2.3
1133;6 3 7 4 1 5 2 5 = 2;2;2.2
1134;6 3 7 4 1 5 2 5 = 2;2;2.24
1135;6 3 7 4 1 5 2 5 = 2;2;2.34
1136;6 3 7 4 1 5 2 5 = 2;2;2.28
1137;6 3 7 4 1 5 2 5 = 2;2;2.38
1138;6 3 7 4 1 5 2 5 = 2;2;2.34
1139;6 3 7 4 1 5 2 5 = 2;2;2.56
1140;6 3 7 4 1 5 2 6 = 2;2;2.3
1141;6 3 7 4 1 5 2 5 = 2;2;2.3
1142;6 3 7 4 1 5 2 5 = 2;2;2.28
1143;6 3 7 4 1 5 2 5 = 2;2;2.44
1144;6 3 7 4 1 5 2 6 = 2;2;2.26
1145;6 3 7 4 1 5 2 5 = 2;2;2.36
1146;6 3 7 4 1 5 2 0 = 2;2;2.34
1147;6 3 7 4 1 5 2 5 = 2;2;2.14
1148;6 3 7 4 1 5 2 5 = 2;2;2.2
1149;6 3 7 4 1 5 2 5 = 2;2;2.1
1150;6 3 7 4 1 5 2 6 = 2;2;2.42
1151;6 3 7 4 1 5 2 5 = 2;2;2.36
1152;6 3 7 4 1 5 2 5 = 2;2;2.34
1153;6 3 7 4 1 5 2 5 = 2;2;2.26
1154;6 3 7 4 1 5 2 5 = 2;2;2.4
1155;6 3 7 4 1 5 2 5 = 2;2;2.46
1156;6 3 7 4 1 5 2 6 = 2;2;2.18
1157;6 3 7 4 1 5 2 5 = 2;2;2.3
1158;6 3 7 4 1 5 2 5 = 2;2;2.3
1159;6 3 7 4 1 5 2 0 = 2;2;2.36
1160;6 3 7 4 1 5 2 5 = 2;2;2.36
1161;6 3 7 4 1 5 2 5 = 2;2;2.34
1162;6 3 7 4 1 5 2 6 = 2;2;2.32
1163;6 3 7 4 1 5 2 5 = 2;2;2.4
1164;6 3 7 4 1 5 2 5 = 2;2;2.32
1165;6 3 7 4 1 5 2 5 = 2;2;2.36
1166;6 3 7 4 1 5 2 5 = 2;2;2.44
1167;6 3 7 4 1 5 2 5 = 2;2;2.32
1168;6 3 7 4 1 5 2 5 = 2;2;2.22
1169;6 3 7 4 1 5 2 5 = 2;2;2.28
1170;6 3 7 4 1 5 2 5 = 2;2;2.52
1171;6 3 7 4 1 5 2 5 = 2;2;2.42
1172;6 3 7 4 1 5 2 5 = 2;2;2.12
1173;6 3 7 4 1 5 2 5 = 2;2;2.3
1174;6 3 7 4 1 5 2 5 = 2;2;2.62
1175;6 3 7 4 1 5 2 5 = 2;2;2.2
1176;6 3 7 4 1 5 2 5 = 2;2;2.12
1177;6 3 7 4 1 5 2 6 = 2;2;2.32
1178;6 3 7 4 1 5 2 0 = 2;2;2.14
1179;6 3 7 4 1 5 2 5 = 2;2;2.64
1180;6 3 7 4 1 5 2 6 = 2;2;2.4
1181;6 3 7 4 1 5 2 5 = 2;2;2.22
1182;6 3 7 4 1 5 2 0 = 2;2;2.54
1183;6 3 7 4 1 5 2 0 = 2;2;2.52
1184;6 3 7 4 1 5 2 0 = 2;2;2.24
1185;6 3 7 4 1 5 2 5 = 2;2;2.3
1186;6 3 7 4 1 5 2 0 = 2;2;2.36
1187;6 3 7 4 1 5 2 5 = 2;2;2.38
1188;6 3 7 4 1 5 2 5 = 2;2;2.32
1189;6 3 7 4 1 5 2 5 = 2;2;2.56
1190;6 3 7 4 1 5 2 5 = 2;2;2.32
1191;6 3 7 4 1 5 2 5 = 2;2;2.32
1192;6 3 7 4 1 5 2 5 = 2;2;2.68
1193;6 3 7 4 1 5 2 5 = 2;2;2.3
1194;6 3 7 4 1 5 2 5 = 2;2;2.58
1195;6 3 7 4 1 5 2 5 = 2;2;2.2
1196;6 3 7 4 1 5 2 5 = 2;2;2.2
1197;6 3 7 4 1 0 2 5 = 2;2;2.32
1198;6 3 7 4 1 5 2 5 = 2;2;2.3
1199;6 3 7 4 1 5 2 5 = 2;2;2.26
1200;6 3 7 4 1 5 2 5 = 2;2;2.3
1201;6 3 7 4 1 5 2 0 = 2;2;2.26
1202;6 3 7 4 1 5 2 5 = 2;2;2.34
1203;6 3 7 4 1 5 2 5 = 2;2;2.3
1204;6 3 7 4 1 5 2 5 = 2;2;2.06
1205;6 3 7 4 1 5 2 5 = 2;2;2.18
1206;6 3 7 4 1 5 2 5 = 2;2;2.38
1207;6 3 7 4 1 5 2 5 = 2;2;2.22
1208;6 3 7 4 1 5 2 0 = 2;2;2.46
1209;6 3 7 4 1 5 2 5 = 2;2;2.12
1210;6 3 7 4 1 5 2 5 = 2;2;2.18
1211;6 3 7 4 1 5 2 5 = 2;2;2.38
1212;6 3 7 4 1 5 2 5 = 2;2;2.2
1213;6 3 7 4 1 5 2 5 = 2;2;2.38
1214;6 3 7 4 1 5 2 5 = 2;2;2.22
1215;6 3 7 4 1 5 2 5 = 2;2;2.5
1216;6 3 7 4 1 5 2 0 = 2;2;2.3
1217;6 3 7 4 1 5 2 5 = 2;2;2.42
1218;6 3 7 4 1 5 2 5 = 2;2;2.3
1219;6 3 7 4 1 5 2 5 = 2;2;2.32
1220;6 3 7 4 1 5 2 0 = 2;2;2.54
1221;6 3 7 4 1 5 2 5 = 2;2;2.32
1222;6 3 7 4 1 5 2 5 = 2;2;2.22
1223;6 3 7 4 1 5 2 5 = 2;2;2.34
1224;6 3 7 4 1 5 2 5 = 2;2;2.2
1225;6 3 7 4 1 5 2 5 = 2;2;2.36
1226;6 3 7 4 1 5 2 5 = 2;2;2.32
1227;6 3 7 4 1 5 2 5 = 2;2;2.62
1228;6 3 7 4 1 5 2 5 = 2;2;2.26
1229;6 3 7 4 1 5 2 5 = 2;2;2.12
1230;6 3 7 4 1 5 2 5 = 2;2;2.48
1231;6 3 7 4 1 5 2 5 = 2;2;2.5
1232;6 3 7 4 1 5 2 5 = 2;2;2.5
1233;6 3 7 4 1 5 2 5 = 2;2;2.46
1234;6 3 7 4 1 5 2 0 = 2;2;2.22
1235;6 3 7 4 1 5 2 5 = 2;2;2.46
1236;6 3 7 4 1 5 2 5 = 2;2;2.28
1237;6 3 7 4 1 5 2 5 = 2;2;2.22
1238;6 3 7 4 1 5 2 5 = 2;2;2.6
1239;6 3 7 4 1 5 2 5 = 2;2;2.2
1240;6 3 7 4 1 5 2 5 = 2;2;2.3
1241;6 3 7 4 1 5 2 5 = 2;2;2.24
1242;6 3 7 4 1 5 2 0 = 2;2;2.18
1243;6 3 7 4 1 5 2 0 = 2;2;2.26
1244;6 3 7 4 1 5 2 0 = 2;2;2.6
1245;6 3 7 4 1 5 2 5 = 2;2;2.4
1246;6 3 7 4 1 5 2 5 = 2;2;2.42
1247;6 3 7 4 1 5 2 5 = 2;2;2.18
1248;6 3 7 4 1 5 2 5 = 2;2;2.22
1249;6 3 7 4 1 5 2 5 = 2;2;2.22
1250;6 3 7 4 1 5 2 5 = 2;2;2.14
1251;6 3 7 4 1 5 2 5 = 2;2;2.22
1252;6 3 7 4 1 5 2 5 = 2;2;2.42
1253;6 3 7 4 1 5 2 5 = 2;2;2.28
1254;6 3 7 4 1 5 2 5 = 2;2;2.28
1255;6 3 7 4 1 5 2 5 = 2;2;2.34
1256;6 3 7 4 1 5 2 0 = 2;2;2.34
1257;6 3 7 4 1 5 2 5 = 2;2;2.4
1258;6 3 7 4 1 5 2 5 = 2;2;2.34
1259;6 3 7 4 1 5 2 5 = 2;2;2.34
1260;6 3 7 4 1 5 2 5 = 2;2;2.22
1261;6 3 7 4 1 5 2 5 = 2;2;2.36
1262;6 3 7 4 1 5 2 0 = 2;2;2.3
1263;6 3 7 4 1 5 2 5 = 2;2;2.4
1264;6 3 7 4 1 5 2 5 = 2;2;2.46
1265;6 3 7 4 1 5 2 5 = 2;2;2.32
1266;6 0 7 4 1 5 2 5 = 2;2;2.2
1267;6 3 7 4 1 5 2 5 = 2;2;2.38
1268;6 3 7 4 1 0 2 5 = 2;2;2.34
1269;6 3 7 4 1 5 2 5 = 2;2;2.58
1270;6 3 7 4 1 0 2 5 = 2;2;2.58
1271;6 3 7 4 1 5 2 5 = 2;2;2.24
1272;6 3 7 4 1 5 2 5 = 2;2;2.3
1273;6 3 7 4 1 5 2 5 = 2;2;2.36
1274;6 3 7 4 1 5 2 0 = 2;2;2.3
1275;6 3 7 4 1 5 2 5 = 2;2;2.54
1276;6 3 7 4 1 0 2 5 = 2;2;2.54
1277;6 3 7 4 1 5 2 5 = 2;2;2.4
1278;6 3 7 4 1 0 2 5 = 2;2;2.22
1279;6 3 7 4 1 0 2 5 = 2;2;2.28
1280;6 3 7 4 1 5 2 5 = 2;2;2.46
1281;6 3 7 4 1 5 2 5 = 2;2;2.32
1282;6 3 7 4 1 0 2 5 = 2;2;2.38
1283;6 3 7 4 1 5 2 5 = 2;2;2.34
1284;6 3 7 4 1 5 2 5 = 2;2;2.44
1285;6 3 7 4 1 0 2 5 = 2;2;2.1
1286;6 3 7 4 1 5 2 5 = 2;2;2.28
1287;6 3 7 4 1 5 2 5 = 2;2;2.18
1288;6 3 7 4 1 5 2 5 = 2;2;2.22
1289;6 3 7 4 1 5 2 5 = 2;2;2.38
1290;6 3 7 4 1 5 2 5 = 2;2;2.36
1291;6 3 7 4 1 5 2 5 = 2;2;2.32
1292;6 3 7 4 1 5 2 5 = 2;2;2.48
1293;6 3 7 4 1 5 2 5 = 2;2;2.36
1294;6 3 7 4 1 5 2 5 = 2;2;2.22
1295;6 3 7 4 1 5 2 5 = 2;2;2.22
1296;6 3 7 4 1 0 2 5 = 2;2;2.5
1297;6 3 7 4 1 5 2 5 = 2;2;2.3
1298;6 3 7 4 1 5 2 5 = 2;2;2.36
1299;6 3 7 4 1 5 2 5 = 2;2;2.3
1300;6 3 7 4 1 5 2 5 = 2;2;2.36
1301;6 3 7 4 1 5 2 5 = 2;2;2.1
1302;6 3 7 4 1 0 2 5 = 2;2;2.22
1303;6 3 7 4 1 0 2 5 = 2;2;2.18
1304;6 3 7 4 1 0 2 5 = 2;2;2.4
1305;6 3 7 4 1 5 2 5 = 2;2;2.46
1306;6 3 7 4 1 0 2 5 = 2;2;2.42
1307;6 3 7 4 1 5 2 5 = 2;2;2.28
1308;6 3 7 4 1 0 2 5 = 2;2;2.46
1309;6 3 7 4 1 0 2 5 = 2;2;2.2
1310;6 3 7 4 1 5 2 5 = 2;2;2.4
1311;6 3 7 4 1 5 2 5 = 2;2;2.22
1312;6 3 7 4 1 0 2 5 = 2;2;2.38
1313;6 3 7 4 1 0 2 5 = 2;2;2.36
1314;6 3 7 4 1 0 2 5 = 2;2;2.42
1315;6 3 7 4 1 5 2 5 = 2;2;2.44
1316;6 3 7 4 1 0 2 5 = 2;2;2.44
1317;6 3 7 4 1 0 2 5 = 2;2;2.22
1318;6 3 7 4 1 5 2 5 = 2;2;2.18
1319;6 3 7 4 1 5 2 5 = 2;2;2.36
1320;6 3 7 4 1 5 2 5 = 2;2;2.62
1321;6 3 7 4 1 0 2 5 = 2;2;2.16
1322;6 3 7 4 1 5 2 5 = 2;2;2.56
1323;6 3 7 4 1 0 2 5 = 2;2;2.18
1324;6 3 7 4 1 5 2 5 = 2;2;2.34
1325;6 3 7 4 1 5 2 5 = 2;2;2.36
1326;6 3 7 4 1 5 2 5 = 2;2;2.4
1327;6 3 7 4 1 5 2 5 = 2;2;2.24
1328;6 3 7 4 1 5 2 5 = 2;2;2.34
1329;6 3 7 4 1 5 2 5 = 2;2;2.36
1330;6 3 7 4 1 5 2 6 = 2;2;2.18
1331;6 3 7 4 1 5 2 5 = 2;2;2.46
1332;6 3 7 4 1 5 2 5 = 2;2;2.38
1333;6 3 7 4 1 5 2 5 = 2;2;2.4
1334;6 3 7 4 1 5 2 5 = 2;2;2.42
1335;6 3 7 4 1 5 2 5 = 2;2;2.36
1336;6 3 7 4 1 5 2 5 = 2;2;2.62
1337;6 3 7 4 1 5 2 5 = 2;2;2.5
1338;6 3 7 4 1 0 2 5 = 2;2;2.22
1339;6 3 7 4 1 5 2 5 = 2;2;2.28
1340;6 3 7 4 1 0 2 5 = 2;2;2.24
1341;6 3 7 4 1 5 2 6 = 2;2;2.34
1342;6 3 7 4 1 5 2 6 = 2;2;2.34
1343;6 3 7 4 1 5 2 5 = 2;2;2.36
1344;6 3 7 4 1 5 2 5 = 2;2;2.24
1345;6 3 7 4 1 0 2 5 = 2;2;2.4
1346;6 3 7 4 1 5 2 5 = 2;2;2.48
1347;6 3 7 4 1 5 2 5 = 2;2;2.26
1348;6 3 7 4 1 5 2 5 = 2;2;2.42
1349;6 3 7 4 1 5 2 6 = 2;2;2.18
1350;6 3 7 4 1 5 2 5 = 2;2;2.26
1351;6 3 7 4 1 5 2 5 = 2;2;2.4
1352;6 3 7 4 1 0 2 5 = 2;2;2.46
1353;6 3 7 4 1 5 2 5 = 2;2;2.16
1354;6 3 7 4 1 0 2 5 = 2;2;2.3
1355;6 3 7 4 1 5 2 5 = 2;2;2.3
1356;6 3 7 4 1 5 2 5 = 2;2;2.34
1357;6 3 7 4 1 5 2 6 = 2;2;2.3
1358;6 3 7 4 1 0 2 5 = 2;2;2.5
1359;6 3 7 4 1 5 2 5 = 2;2;2.24
1360;6 3 7 4 1 0 2 5 = 2;2;2.42
1361;6 3 7 4 1 5 2 5 = 2;2;2.24
1362;6 3 7 4 1 5 2 5 = 2;2;2.4
1363;6 3 7 4 1 5 2 5 = 2;2;2.28
1364;6 3 7 4 1 0 2 5 = 2;2;2.24
1365;6 3 7 4 1 5 2 5 = 2;2;2.3
1366;6 3 7 4 1 0 2 5 = 2;2;2.2
1367;6 3 7 4 1 5 2 5 = 2;2;2.22
1368;6 3 7 4 1 0 2 5 = 2;2;2.26
1369;6 3 7 4 1 5 2 5 = 2;2;2.18
1370;6 3 7 4 1 0 2 5 = 2;2;2.5
1371;6 3 7 4 1 0 2 5 = 2;2;2.36
1372;6 3 7 4 1 5 2 5 = 2;2;2.22
1373;6 3 7 4 1 0 2 5 = 2;2;2.26
1374;6 3 7 4 1 0 2 5 = 2;2;2.3
1375;6 3 7 4 1 5 2 5 = 2;2;2.34
1376;6 3 7 4 1 0 2 5 = 2;2;2.36
1377;6 3 7 4 1 5 2 5 = 2;2;2.52
1378;6 3 7 4 1 0 2 5 = 2;2;2.38
1379;6 3 7 4 1 0 2 5 = 2;2;2.24
1380;6 3 7 4 1 0 2 5 = 2;2;2.2
1381;6 3 7 4 1 5 2 5 = 2;2;2.28
1382;6 3 7 4 1 0 2 5 = 2;2;2.28
1383;6 3 7 4 1 0 2 5 = 2;2;2.46
1384;6 3 7 4 1 0 2 5 = 2;2;2.26
1385;6 3 7 4 1 0 2 5 = 2;2;2.46
1386;6 3 7 4 1 5 2 5 = 2;2;2.52
1387;6 3 7 4 1 5 2 5 = 2;2;2.42
1388;6 3 7 4 1 0 2 5 = 2;2;2.38
1389;6 3 7 4 1 5 2 5 = 2;2;2.2
1390;6 3 7 4 1 0 2 5 = 2;2;2.34
1391;6 3 7 4 1 5 2 5 = 2;2;2.26
1392;6 3 7 4 1 5 2 5 = 2;2;2.36
1393;6 3 7 4 1 0 2 5 = 2;2;2.28
1394;6 3 7 4 1 0 2 5 = 2;2;2.3
1395;6 3 7 4 1 5 2 5 = 2;2;2.14
1396;6 3 7 4 1 5 2 5 = 2;2;2.6
1397;6 3 7 4 1 0 2 5 = 2;2;2.12
1398;6 3 7 4 1 0 2 5 = 2;2;2.4
1399;6 3 7 4 1 5 2 5 = 2;2;2.36
1400;6 3 7 4 1 0 2 5 = 2;2;2.12
1401;6 3 7 4 1 5 2 5 = 2;2;2.32
1402;6 3 7 4 1 0 2 5 = 2;2;2.3
1403;6 3 7 4 1 0 2 5 = 2;2;2.2
1404;6 3 7 4 1 5 2 5 = 2;2;2.2
1405;6 3 7 4 1 5 2 5 = 2;2;2.26
1406;6 3 7 4 1 5 2 5 = 2;2;2.22
1407;6 3 7 4 1 5 2 5 = 2;2;2.42
1408;6 3 7 4 1 0 2 5 = 2;2;2.3
1409;6 3 7 4 1 0 2 5 = 2;2;2.14
1410;6 3 7 4 1 5 2 5 = 2;2;2.4
1411;6 3 7 4 1 0 2 5 = 2;2;2.18
1412;6 3 7 4 1 5 2 5 = 2;2;2.24
1413;6 3 7 4 1 0 2 5 = 2;2;2.32
1414;6 3 7 4 1 5 2 5 = 2;2;2.36
1415;6 3 7 4 1 5 2 5 = 2;2;2.34
1416;6 3 7 4 1 5 2 5 = 2;2;2.22
1417;6 3 7 4 1 0 2 5 = 2;2;2.42
1418;6 3 7 4 1 5 2 5 = 2;2;2.22
1419;6 3 7 4 1 5 2 5 = 2;2;2.38
1420;6 3 7 4 1 0 2 5 = 2;2;2.32
1421;6 3 7 4 1 0 2 5 = 2;2;2.36
1422;6 3 7 4 1 0 2 5 = 2;2;2.36
1423;6 3 7 4 1 0 2 5 = 2;2;2.26
1424;6 3 7 4 1 5 2 5 = 2;2;2.42
1425;6 3 7 4 1 0 2 5 = 2;2;2.52
1426;6 3 7 4 1 0 2 5 = 2;2;2.28
1427;6 3 7 4 1 0 2 5 = 2;2;2.22
1428;6 3 7 4 1 0 2 5 = 2;2;2.24
1429;6 3 7 4 1 0 2 5 = 2;2;2.32
1430;6 3 7 4 1 0 2 5 = 2;2;2.4
1431;6 3 7 4 1 5 2 5 = 2;2;2.36
1432;6 3 7 4 1 0 2 5 = 2;2;2.2
1433;6 3 7 4 1 5 2 5 = 2;2;2.5
1434;6 3 7 4 1 0 2 5 = 2;2;2.44
1435;6 3 7 4 1 5 2 5 = 2;2;2.3
1436;6 3 7 4 1 5 2 5 = 2;2;2.36
1437;6 3 7 4 1 0 2 5 = 2;2;2.48
1438;6 3 7 4 1 0 2 5 = 2;2;2.38
1439;6 3 7 4 1 5 2 5 = 2;2;2.3
1440;6 3 7 4 1 5 2 5 = 2;2;2.28
1441;6 3 7 4 1 0 2 5 = 2;2;2.26
1442;6 3 7 4 1 0 2 5 = 2;2;2.24
1443;6 3 7 4 1 0 2 5 = 2;2;2.42
1444;6 3 7 4 1 0 2 5 = 2;2;2.26
1445;6 3 7 4 1 0 2 5 = 2;2;2.14
1446;6 3 7 4 1 0 2 5 = 2;2;2.24
1447;6 3 7 4 1 5 2 5 = 2;2;2.56
1448;6 3 7 4 1 0 2 5 = 2;2;2.32
1449;6 3 7 4 1 0 2 5 = 2;2;2.42
1450;6 3 7 4 1 0 2 5 = 2;2;2.2
1451;6 3 7 4 1 5 2 5 = 2;2;2.26
1452;6 3 7 4 1 5 2 5 = 2;2;2.2
1453;6 3 7 4 1 5 2 5 = 2;2;2.26
1454;6 3 7 4 1 5 2 0 = 2;2;2.48
1455;6 3 7 4 1 5 2 5 = 2;2;2.36
1456;6 3 7 4 1 0 2 5 = 2;2;2.36
1457;6 3 7 4 1 0 2 5 = 2;2;2.4
1458;6 3 7 4 1 0 2 5 = 2;2;2.32
1459;6 3 7 4 1 5 2 5 = 2;2;2.5
1460;6 3 7 4 1 0 2 5 = 2;2;2.4
1461;6 3 7 4 1 0 2 5 = 2;2;2.36
1462;6 3 7 4 1 5 2 5 = 2;2;2.3
1463;6 3 7 4 1 5 2 5 = 2;2;2.22
1464;6 3 7 4 1 0 2 5 = 2;2;2.36
1465;6 3 7 4 1 0 2 5 = 2;2;2.2
1466;6 3 7 4 1 5 2 5 = 2;2;2.4
1467;6 3 7 4 1 5 2 5 = 2;2;2.38
1468;6 3 7 4 1 0 2 5 = 2;2;2.34
1469;6 3 7 4 1 5 2 5 = 2;2;2.38
1470;6 3 7 4 1 5 2 5 = 2;2;2.14
1471;6 3 7 4 1 0 2 5 = 2;2;2.16
1472;6 3 7 4 1 5 2 5 = 2;2;2.4
1473;6 3 1 4 7 0 2 5 = 0;0;2.46
