rut;exitosos;fallidos;envios;final;estado;e0;e1;e2;e3;e4;e6;e7;e8;e9;e10;e11;e12;e13;e17;e18;e21;e22;e23;e25;e26;e28;e29;e31;e32;e33;e35;e37;e38;e42;e44;e48
5;0;0;0;1;R;0;0;0;0;0;0;0;0;0;0;0;0;0;0;0;0;0;0;0;0;0;0;0;0;0;0;0;0;0;0;0
7;0;0;0;1;R;0;0;0;0;0;0;0;0;0;0;0;0;0;0;0;0;0;0;0;0;0;0;0;0;0;0;0;0;0;0;0
16;0;0;0;1;R;0;0;0;0;0;0;0;0;0;0;0;0;0;0;0;0;0;0;0;0;0;0;0;0;0;0;0;0;0;0;0
44;0;0;0;1;R;0;0;0;0;0;0;0;0;0;0;0;0;0;0;0;0;0;0;0;0;0;0;0;0;0;0;0;0;0;0;0
103;0;0;0;1;R;0;0;0;0;0;0;0;0;0;0;0;0;0;0;0;0;0;0;0;0;0;0;0;0;0;0;0;0;0;0;0
122;0;15;15;1;R;0;0;0;0;0;0;0;0;0;0;0;0;0;0;0;0;0;0;0;0;0;0;0;0;0;0;0;0;0;0;0
51;1;23;24;2;R;0;0;0;0;0;0;0;0;0;0;0;0;0;0;0;0;0;0;1;0;0;0;0;0;0;0;0;0;0;0;0
166;0;0;0;2;R;0;0;0;0;0;0;0;0;0;0;0;0;0;0;0;0;0;0;0;0;0;0;0;0;0;0;0;0;0;0;0
105;15;24;39;4;A;1;0;0;1;1;1;0;0;0;1;0;0;0;1;1;0;1;1;1;1;0;1;0;0;0;1;0;0;1;1;0
173;0;31;31;4;A;0;0;0;0;0;0;0;0;0;0;0;0;0;0;0;0;0;0;0;0;0;0;0;0;0;0;0;0;0;0;0
200;14;17;31;4;A;1;1;0;0;1;0;0;0;0;1;0;0;0;1;1;0;1;1;1;1;0;1;0;1;0;0;0;0;1;1;0
251;15;16;31;4;A;1;1;0;1;1;0;0;0;0;1;0;0;0;1;0;0;1;1;1;1;0;1;0;1;0;1;0;0;1;1;0
336;20;11;31;4;A;1;1;0;1;1;1;1;0;0;1;0;0;1;1;1;0;1;1;1;1;0;1;0;1;0;1;1;0;1;1;0
400;18;21;39;4;A;1;1;0;1;1;1;0;0;0;1;0;0;0;1;1;0;1;1;1;1;0;1;0;1;0;1;0;1;1;1;0
403;19;12;31;4;A;1;1;0;1;1;1;0;0;0;1;0;0;0;1;1;0;1;1;1;1;1;1;0;1;0;1;0;1;1;1;0
434;5;11;16;4;A;0;0;0;0;1;0;0;0;0;0;0;0;0;1;0;0;0;0;1;1;0;1;0;0;0;0;0;0;0;0;0
459;4;27;31;4;A;0;1;0;0;0;1;0;0;0;0;0;0;0;0;0;0;0;0;0;0;1;0;0;0;0;0;0;0;0;1;0
46;26;13;39;5;A;1;0;0;1;1;1;0;0;0;1;0;0;1;1;1;0;1;1;1;1;1;1;0;1;0;1;1;0;1;1;0
57;0;0;0;5;A;0;0;0;0;0;0;0;0;0;0;0;0;0;0;0;0;0;0;0;0;0;0;0;0;0;0;0;0;0;0;0
69;0;0;0;5;A;0;0;0;0;0;0;0;0;0;0;0;0;0;0;0;0;0;0;0;0;0;0;0;0;0;0;0;0;0;0;0
89;19;12;31;5;A;1;1;0;1;1;1;1;0;0;1;0;0;1;1;1;0;1;1;1;1;0;1;0;1;0;1;0;0;1;1;0
110;15;16;31;5;A;0;1;0;0;1;1;0;0;0;1;0;0;0;1;1;0;1;1;1;1;0;1;0;1;0;0;0;1;1;1;0
151;0;16;16;5;A;0;0;0;0;0;0;0;0;0;0;0;0;0;0;0;0;0;0;0;0;0;0;0;0;0;0;0;0;0;0;0
172;15;16;31;5;A;0;1;0;1;1;1;0;0;0;1;0;0;0;1;1;0;1;1;1;1;1;1;0;0;0;0;0;0;1;1;0
176;7;24;31;5;A;0;1;0;1;1;0;0;0;0;0;0;0;0;1;0;0;0;0;1;1;1;0;0;0;0;0;0;0;0;0;0
202;13;18;31;5;A;0;0;0;1;1;1;0;0;0;1;0;0;0;1;0;0;1;1;1;0;0;1;0;0;0;1;1;0;1;1;0
207;15;16;31;5;A;1;1;0;1;1;1;0;0;0;1;0;0;0;1;1;0;1;0;1;1;0;1;0;1;0;0;0;0;1;1;0
216;17;14;31;5;A;1;1;0;1;1;1;0;0;0;1;0;0;0;1;1;0;1;1;1;1;0;1;0;1;0;1;0;0;1;1;0
219;14;17;31;5;A;1;1;0;1;1;0;0;0;0;1;0;0;0;1;0;0;1;0;1;1;0;1;0;1;0;0;0;1;1;1;0
224;16;15;31;5;A;1;1;0;0;1;1;0;0;0;1;0;0;0;1;1;0;0;1;1;1;0;1;0;1;0;1;0;1;1;1;0
288;23;16;39;5;A;1;1;0;1;1;1;0;0;0;1;0;0;0;1;1;0;1;1;1;1;0;1;0;1;0;1;0;0;1;1;0
292;18;21;39;5;A;1;0;0;1;1;0;0;0;0;1;0;0;0;1;0;0;1;0;1;1;0;1;0;0;0;1;1;0;1;0;0
294;10;21;31;5;A;0;0;0;0;1;1;0;0;0;1;0;0;1;1;0;0;1;1;0;1;0;0;0;1;0;0;0;0;0;1;0
300;7;32;39;5;A;0;0;0;0;0;0;0;0;0;0;0;0;0;0;0;0;0;0;0;0;0;0;0;0;0;0;0;0;0;0;0
301;22;17;39;5;A;1;0;0;1;1;1;0;0;0;1;0;0;0;1;0;0;0;1;1;1;1;1;0;0;0;0;1;0;1;1;0
333;15;16;31;5;A;1;1;0;1;1;1;0;0;0;1;0;0;0;1;1;0;1;0;1;1;0;1;0;1;0;0;0;0;1;1;0
339;16;23;39;5;A;1;1;0;1;1;0;0;0;1;1;0;0;0;1;0;0;1;1;1;1;0;1;0;1;0;0;1;0;1;1;0
366;10;21;31;5;A;0;1;0;1;0;1;0;0;0;0;0;0;0;0;1;0;0;1;0;0;1;0;0;0;0;1;1;0;1;1;0
367;9;30;39;5;A;0;1;0;0;1;1;0;0;0;1;0;0;0;1;0;0;1;0;0;0;1;0;0;0;0;0;1;0;0;1;0
371;14;17;31;5;A;1;1;0;1;1;1;0;0;0;0;0;0;0;1;1;0;1;1;0;1;0;1;0;1;0;0;0;0;1;1;0
380;15;16;31;5;A;1;0;0;1;1;1;0;0;0;1;0;0;0;1;1;0;1;1;1;1;0;1;0;1;0;1;0;0;1;0;0
392;18;13;31;5;A;1;1;0;1;1;1;0;0;0;1;0;0;0;1;1;0;1;1;1;1;0;1;0;1;0;1;0;1;1;1;0
412;22;17;39;5;A;1;1;0;0;1;1;0;0;0;1;0;0;0;1;1;0;1;1;1;1;0;1;0;1;0;0;0;1;1;1;0
437;21;18;39;5;A;1;0;0;1;1;0;0;0;0;1;0;0;1;1;0;0;1;1;1;1;0;1;0;1;0;0;1;0;1;0;0
59;15;24;39;6;A;0;1;0;1;1;1;0;0;0;1;0;1;0;1;0;0;1;1;1;1;1;1;0;0;0;0;1;0;0;1;0
88;16;15;31;6;A;1;1;0;1;1;1;0;0;0;1;0;0;0;1;0;0;1;1;1;1;1;1;0;1;0;0;1;0;0;1;0
109;22;17;39;6;A;1;0;0;1;1;0;1;0;0;1;0;0;0;1;1;0;1;1;1;1;0;1;0;1;0;1;0;0;1;0;0
182;24;15;39;6;A;1;1;0;1;1;0;0;0;0;1;0;0;0;1;1;0;1;1;1;1;0;1;0;1;0;1;0;0;1;1;0
192;14;17;31;6;A;0;1;0;1;1;1;0;0;0;0;0;0;0;1;1;0;1;0;1;1;0;1;0;1;0;0;0;1;1;1;0
255;16;15;31;6;A;1;1;0;1;1;0;0;0;0;1;0;0;0;1;1;0;1;1;1;1;1;1;0;0;0;1;0;1;1;0;0
257;24;23;47;6;A;1;1;0;1;1;0;0;0;0;1;0;0;1;1;1;0;1;1;1;1;0;1;0;1;0;1;0;0;1;1;0
317;16;15;31;6;A;1;1;0;1;1;1;0;0;0;1;0;0;0;1;1;0;1;1;1;1;0;0;0;0;0;1;0;1;1;1;0
355;12;27;39;6;A;0;0;0;1;1;0;0;0;0;1;0;0;0;1;1;0;1;0;1;1;0;1;0;1;0;1;0;0;1;0;0
357;3;13;16;6;A;0;0;0;0;1;0;0;0;0;0;0;0;0;1;0;0;0;0;1;0;0;0;0;0;0;0;0;0;0;0;0
361;25;14;39;6;A;1;1;0;1;1;1;0;0;0;1;0;0;1;1;1;0;1;1;1;1;0;1;0;1;0;1;0;0;1;1;0
382;16;15;31;6;A;1;1;0;1;1;1;0;0;0;1;0;0;0;1;1;0;1;1;1;1;1;1;0;0;0;0;0;0;1;1;0
383;26;5;31;6;A;1;1;0;1;1;1;1;0;1;1;1;1;1;1;1;1;1;1;1;1;1;1;0;1;0;1;1;1;1;1;0
391;15;24;39;6;A;1;0;0;0;1;0;0;0;0;1;0;0;0;1;0;0;1;1;1;1;0;1;0;0;0;0;0;0;0;0;0
396;20;11;31;6;A;1;1;0;1;1;1;0;0;0;1;0;1;0;1;1;0;1;1;1;1;1;1;0;1;0;0;1;1;1;1;0
436;15;16;31;6;A;0;1;0;1;1;1;0;0;0;1;0;1;0;1;0;0;1;1;1;1;0;1;0;0;0;0;1;0;1;1;0
21;15;32;47;7;A;1;0;0;1;1;1;1;0;0;1;0;0;0;1;0;0;1;1;1;1;0;1;0;1;0;0;0;0;1;1;0
70;32;15;47;7;A;1;1;0;1;1;1;1;0;0;1;0;0;0;1;0;0;1;1;1;1;1;1;0;1;0;1;0;1;1;1;0
161;17;22;39;7;A;1;1;0;1;1;1;0;0;0;1;0;0;1;1;1;0;1;1;1;1;0;1;0;1;0;0;0;0;1;1;0
389;16;23;39;7;A;1;0;0;1;1;0;0;0;0;1;0;0;1;1;1;0;1;1;1;1;0;1;0;1;0;0;0;0;1;0;0
406;17;14;31;7;A;1;1;0;1;1;1;0;0;0;1;0;1;0;1;0;0;1;1;1;1;1;1;0;0;0;0;1;0;1;1;0
466;18;13;31;7;A;1;1;0;1;1;1;0;0;0;1;0;1;0;1;0;1;1;1;1;1;1;1;0;0;0;0;1;0;1;1;0
212;0;0;0;1.1;R;0;0;0;0;0;0;0;0;0;0;0;0;0;0;0;0;0;0;0;0;0;0;0;0;0;0;0;0;0;0;0
12;12;12;24;1.4;R;0;0;0;0;1;0;0;0;0;0;0;0;0;1;0;0;1;0;1;1;0;1;0;0;0;0;0;0;0;0;0
274;0;0;0;1.4;R;0;0;0;0;0;0;0;0;0;0;0;0;0;0;0;0;0;0;0;0;0;0;0;0;0;0;0;0;0;0;0
439;0;0;0;1.4;R;0;0;0;0;0;0;0;0;0;0;0;0;0;0;0;0;0;0;0;0;0;0;0;0;0;0;0;0;0;0;0
148;0;16;16;1.5;R;0;0;0;0;0;0;0;0;0;0;0;0;0;0;0;0;0;0;0;0;0;0;0;0;0;0;0;0;0;0;0
260;1;15;16;1.5;R;0;0;0;0;0;0;0;0;0;0;0;0;0;0;0;0;0;0;1;0;0;0;0;0;0;0;0;0;0;0;0
131;3;36;39;1.6;R;0;0;0;0;1;0;0;0;0;0;0;0;0;1;0;0;0;0;1;0;0;0;0;0;0;0;0;0;0;0;0
356;0;0;0;1.6;R;0;0;0;0;0;0;0;0;0;0;0;0;0;0;0;0;0;0;0;0;0;0;0;0;0;0;0;0;0;0;0
446;7;32;39;1.6;R;0;0;0;0;0;0;0;0;0;0;0;0;0;0;0;0;0;0;0;0;0;0;0;0;0;0;0;0;0;0;0
196;3;13;16;1.9;R;0;0;0;0;1;0;0;0;0;0;0;0;0;1;0;0;0;0;1;0;0;0;0;0;0;0;0;0;0;0;0
278;0;16;16;1.9;R;0;0;0;0;0;0;0;0;0;0;0;0;0;0;0;0;0;0;0;0;0;0;0;0;0;0;0;0;0;0;0
323;0;0;0;1.9;R;0;0;0;0;0;0;0;0;0;0;0;0;0;0;0;0;0;0;0;0;0;0;0;0;0;0;0;0;0;0;0
81;0;24;24;2.1;R;0;0;0;0;0;0;0;0;0;0;0;0;0;0;0;0;0;0;0;0;0;0;0;0;0;0;0;0;0;0;0
266;0;16;16;2.1;R;0;0;0;0;0;0;0;0;0;0;0;0;0;0;0;0;0;0;0;0;0;0;0;0;0;0;0;0;0;0;0
381;14;17;31;2.1;R;1;0;0;1;1;1;0;0;0;0;0;0;1;1;0;0;0;0;1;1;0;1;0;1;0;1;1;0;1;1;0
134;0;16;16;2.3;R;0;0;0;0;0;0;0;0;0;0;0;0;0;0;0;0;0;0;0;0;0;0;0;0;0;0;0;0;0;0;0
140;8;16;24;2.3;R;1;0;0;0;1;0;0;0;0;1;0;0;0;1;0;0;1;0;1;1;0;1;0;0;0;0;0;0;0;0;0
155;7;17;24;2.3;R;0;0;0;0;1;0;0;0;0;1;0;0;0;1;0;0;1;0;1;1;0;1;0;0;0;0;0;0;0;0;0
41;3;13;16;2.4;R;0;0;0;0;1;0;0;0;0;0;0;0;0;1;0;0;0;0;1;0;0;0;0;0;0;0;0;0;0;0;0
222;3;13;16;2.4;R;0;0;0;0;1;0;0;0;0;0;0;0;0;1;0;0;0;0;1;0;0;0;0;0;0;0;0;0;0;0;0
225;0;16;16;2.4;R;0;0;0;0;0;0;0;0;0;0;0;0;0;0;0;0;0;0;0;0;0;0;0;0;0;0;0;0;0;0;0
386;7;17;24;2.4;R;1;0;0;0;1;0;0;0;0;0;0;0;0;1;0;0;1;0;1;1;0;1;0;0;0;0;0;0;0;0;0
157;8;16;24;2.5;R;0;0;0;0;0;0;0;0;0;0;0;0;0;1;0;0;0;0;1;0;0;0;0;0;0;0;0;0;0;0;0
450;6;33;39;2.6;R;1;0;0;0;0;0;0;0;0;1;0;0;0;1;0;0;0;0;1;1;0;1;0;0;0;0;0;0;0;0;0
414;13;18;31;2.7;R;1;1;0;1;1;1;0;0;0;1;0;0;0;0;0;0;1;0;1;1;1;1;0;0;0;0;1;0;0;1;0
177;7;9;16;2.8;R;0;0;0;0;1;0;0;0;0;1;0;0;0;1;0;0;1;0;1;1;0;1;0;0;0;0;0;0;0;0;0
203;11;13;24;2.8;R;0;0;0;0;1;0;0;0;0;0;0;0;0;1;0;0;0;0;1;1;0;0;0;0;0;0;0;0;0;0;0
338;4;27;31;2.9;R;0;0;0;0;0;1;0;0;0;0;0;0;0;1;0;0;0;0;1;0;0;0;0;0;0;0;0;0;0;1;0
231;0;16;16;3.3;R;0;0;0;0;0;0;0;0;0;0;0;0;0;0;0;0;0;0;0;0;0;0;0;0;0;0;0;0;0;0;0
261;3;13;16;3.3;R;0;0;0;0;1;0;0;0;0;0;0;0;0;1;0;0;1;0;0;0;0;0;0;0;0;0;0;0;0;0;0
28;6;10;16;3.4;R;0;0;0;0;1;0;0;0;0;0;0;0;0;1;0;0;0;1;1;1;0;1;0;0;0;0;0;0;0;0;0
302;14;17;31;3.4;R;1;0;1;0;1;0;0;0;1;0;0;0;1;1;1;0;1;0;1;1;0;1;0;1;1;1;0;0;0;0;0
321;0;0;0;3.4;R;0;0;0;0;0;0;0;0;0;0;0;0;0;0;0;0;0;0;0;0;0;0;0;0;0;0;0;0;0;0;0
343;3;13;16;3.4;R;0;0;0;0;1;0;0;0;0;0;0;0;0;1;0;0;0;0;1;0;0;0;0;0;0;0;0;0;0;0;0
96;13;3;16;3.5;R;1;0;0;1;1;0;1;0;0;1;0;0;0;1;1;0;1;1;1;1;0;1;0;1;0;0;0;0;0;0;0
99;12;19;31;3.5;R;0;1;0;1;1;1;0;0;0;1;0;0;0;1;1;0;0;0;1;1;0;1;0;0;0;1;0;0;0;1;0
232;15;24;39;3.6;R;1;0;0;0;1;0;0;0;0;1;0;0;0;1;0;0;1;1;1;1;0;1;0;0;0;0;0;0;0;0;0
206;0;16;16;3.7;R;0;0;0;0;0;0;0;0;0;0;0;0;0;0;0;0;0;0;0;0;0;0;0;0;0;0;0;0;0;0;0
423;9;22;31;3.7;R;0;0;0;1;1;0;0;0;0;0;0;0;1;1;0;0;0;1;0;1;0;1;0;1;0;0;0;0;0;1;0
85;18;13;31;3.8;R;1;1;0;1;1;1;0;0;0;1;0;0;0;1;1;0;1;1;1;1;1;1;0;1;0;0;0;1;1;1;0
263;17;14;31;3.8;R;1;0;0;1;1;1;0;0;0;1;0;0;0;0;1;0;1;1;1;1;1;1;0;1;0;1;1;0;1;1;0
265;14;17;31;4.1;A;0;0;0;1;1;1;0;0;0;1;0;0;0;1;0;0;1;1;1;1;1;1;0;0;0;0;1;0;1;1;0
3;7;17;24;4.2;A;0;0;0;0;0;0;0;0;0;0;0;0;0;0;0;0;0;0;1;0;0;0;0;0;0;0;0;0;0;0;0
38;14;17;31;4.2;A;1;1;0;1;0;1;0;0;0;0;0;0;0;1;1;0;1;1;1;1;0;1;0;1;0;0;0;0;1;1;0
226;14;17;31;4.2;A;0;0;0;1;1;1;0;0;0;1;0;0;0;1;0;0;1;1;1;1;1;1;0;1;0;1;1;0;0;0;0
272;11;13;24;4.2;A;0;0;0;0;1;0;0;0;0;0;0;0;0;1;0;0;0;0;1;1;0;0;0;0;0;0;0;0;0;0;0
275;10;21;31;4.2;A;1;1;0;1;0;0;1;0;0;0;0;0;0;0;1;0;0;1;0;0;0;0;0;1;0;1;0;0;1;1;0
354;13;18;31;4.2;A;1;0;0;0;1;0;1;0;0;1;0;0;1;1;1;0;1;0;1;1;0;1;0;1;0;1;0;0;0;0;0
448;13;26;39;4.2;A;1;1;0;0;1;0;0;0;0;1;0;0;0;1;0;0;1;1;1;1;1;1;0;0;0;0;0;0;0;1;0
180;13;18;31;4.3;A;1;0;0;0;1;1;0;0;0;1;0;0;0;1;1;0;1;1;1;0;0;1;0;1;0;1;0;0;1;0;0
197;22;9;31;4.3;A;1;1;0;1;1;1;1;0;0;1;0;0;1;1;1;0;1;1;1;1;1;1;0;1;0;1;1;1;1;1;0
208;17;22;39;4.3;A;1;1;0;1;1;0;0;0;0;1;0;0;0;1;1;0;1;1;1;1;1;1;0;1;0;1;0;0;1;1;0
234;15;16;31;4.3;A;1;0;0;1;1;0;0;0;0;1;0;0;1;1;1;0;1;1;1;1;1;1;0;1;0;1;0;0;0;0;0
282;5;34;39;4.3;A;0;0;0;1;1;0;0;0;0;0;0;0;0;1;1;0;0;0;1;0;0;0;0;0;0;0;0;0;0;0;0
334;12;19;31;4.3;A;0;1;0;1;1;1;0;0;0;1;0;0;0;1;1;0;0;1;0;0;0;0;0;1;0;0;0;1;1;1;0
390;15;16;31;4.3;A;1;1;0;1;1;1;0;0;0;1;0;0;0;1;1;0;1;1;1;1;0;1;0;0;0;0;0;0;1;1;0
104;6;10;16;4.4;A;1;0;0;0;1;0;0;0;0;0;0;0;0;1;0;0;0;0;1;1;0;1;0;0;0;0;0;0;0;0;0
106;12;19;31;4.4;A;1;0;0;0;1;1;0;0;0;0;0;0;0;1;0;0;1;0;1;1;1;1;0;1;0;0;1;0;1;0;0
193;13;18;31;4.4;A;1;1;0;0;0;1;0;0;0;1;0;0;0;0;0;0;1;0;1;1;1;0;0;1;0;1;1;0;1;1;0
280;0;31;31;4.4;A;0;0;0;0;0;0;0;0;0;0;0;0;0;0;0;0;0;0;0;0;0;0;0;0;0;0;0;0;0;0;0
299;11;20;31;4.4;A;1;0;0;0;1;0;0;0;0;0;0;0;1;1;1;0;0;1;1;1;1;0;0;1;0;0;0;0;1;0;0
408;12;27;39;4.4;A;1;1;0;1;1;1;0;0;0;0;0;0;0;0;1;0;0;1;1;0;0;0;0;1;0;0;1;0;1;1;0
54;0;0;0;4.5;A;0;0;0;0;0;0;0;0;0;0;0;0;0;0;0;0;0;0;0;0;0;0;0;0;0;0;0;0;0;0;0
56;18;13;31;4.5;A;1;1;0;1;1;1;1;0;0;1;0;0;1;1;1;0;1;1;1;1;0;1;0;1;0;0;0;0;1;1;0
112;2;45;47;4.5;A;0;0;0;0;1;0;0;0;0;0;0;0;0;0;0;0;0;0;1;0;0;0;0;0;0;0;0;0;0;0;0
123;6;25;31;4.5;A;0;0;0;1;0;0;0;0;0;0;0;0;0;0;0;0;0;0;0;0;1;0;0;0;0;1;1;0;1;1;0
142;8;23;31;4.5;A;1;0;0;0;1;0;0;0;0;1;0;0;0;1;0;0;1;0;1;1;0;1;0;0;0;0;0;0;0;0;0
297;0;0;0;4.5;A;0;0;0;0;0;0;0;0;0;0;0;0;0;0;0;0;0;0;0;0;0;0;0;0;0;0;0;0;0;0;0
320;17;14;31;4.5;A;1;1;0;1;1;1;0;0;0;1;0;0;0;1;0;0;1;1;1;1;0;1;0;1;0;1;0;1;1;1;0
384;13;18;31;4.5;A;1;1;0;1;1;1;0;0;0;1;0;0;0;1;0;0;1;0;1;1;0;1;0;0;0;0;1;0;0;1;0
438;16;23;39;4.5;A;0;0;0;1;1;0;0;0;0;0;0;0;0;1;0;0;0;1;1;1;0;0;0;1;0;0;0;0;1;0;0
31;9;22;31;4.6;A;1;1;0;0;1;0;0;0;0;1;0;0;0;1;1;0;0;0;1;1;0;1;0;0;0;0;0;0;0;0;0
141;9;22;31;4.6;A;0;0;0;1;1;0;0;0;0;0;0;0;1;1;0;0;0;0;1;1;0;0;0;1;0;0;0;0;1;1;0
150;1;15;16;4.6;A;0;0;0;0;0;0;0;0;0;0;0;0;0;0;0;0;0;0;1;0;0;0;0;0;0;0;0;0;0;0;0
179;15;16;31;4.6;A;1;0;0;1;1;1;0;0;0;1;0;0;0;1;0;0;1;0;1;1;0;1;0;1;0;1;1;0;1;1;0
195;13;18;31;4.6;A;1;1;0;0;1;1;0;0;0;1;0;0;0;1;0;0;1;0;1;1;1;1;0;0;0;0;1;0;0;1;0
218;0;0;0;4.6;A;0;0;0;0;0;0;0;0;0;0;0;0;0;0;0;0;0;0;0;0;0;0;0;0;0;0;0;0;0;0;0
316;14;17;31;4.6;A;1;0;0;1;1;0;0;0;0;0;0;0;1;1;0;0;1;1;1;1;0;1;0;1;0;1;1;0;1;0;0
330;11;28;39;4.6;A;1;0;0;1;1;0;0;0;0;0;0;0;1;0;1;0;1;1;1;1;0;1;0;1;0;0;0;0;0;0;0
353;18;21;39;4.6;A;1;1;0;1;1;1;0;0;0;1;0;0;0;1;1;0;1;1;1;1;0;1;0;1;0;1;1;0;1;1;0
369;15;16;31;4.6;A;1;1;0;0;1;1;0;0;0;1;0;0;0;1;0;0;1;1;1;1;1;1;0;0;0;0;1;1;0;1;0
451;9;22;31;4.6;A;0;0;0;1;1;0;0;0;0;1;0;0;0;1;0;0;1;0;1;1;0;1;0;0;0;0;0;0;1;0;0
2;11;20;31;4.7;A;0;0;0;1;1;0;0;0;0;0;0;0;0;1;1;0;0;1;1;1;0;1;0;1;0;1;0;0;1;0;0
90;17;14;31;4.7;A;1;1;0;1;1;1;0;0;0;1;0;0;0;1;1;0;1;1;1;1;0;1;0;1;0;1;0;0;1;1;0
352;16;15;31;4.7;A;1;1;0;1;1;1;0;0;0;1;0;0;0;1;0;0;1;1;1;1;0;1;0;1;0;0;1;0;1;1;0
372;15;16;31;4.7;A;0;1;0;1;1;1;0;0;0;1;0;0;0;1;1;0;1;0;1;1;0;1;0;1;0;1;0;0;1;1;0
422;12;27;39;4.7;A;1;1;0;0;1;0;0;0;0;0;0;0;0;1;1;0;0;1;1;1;0;1;0;1;0;1;0;0;1;0;0
26;15;24;39;4.8;A;1;0;0;0;1;1;0;0;0;1;0;0;0;1;1;0;1;0;1;1;0;1;0;1;0;1;1;0;1;1;0
29;17;22;39;4.8;A;1;0;0;1;1;0;0;0;0;1;0;0;1;1;1;0;1;1;1;1;0;1;0;1;0;0;0;0;1;0;0
149;22;25;47;4.8;A;1;0;0;1;1;0;0;0;0;1;0;0;1;1;1;0;1;1;1;1;0;1;0;1;0;0;0;0;0;1;0
233;5;11;16;4.8;A;1;0;0;1;1;0;0;0;0;0;0;0;0;1;0;0;0;0;1;0;0;0;0;0;0;0;0;0;0;0;0
242;14;17;31;4.8;A;1;1;0;1;0;0;0;0;0;1;0;0;0;0;1;0;1;1;1;1;0;1;0;1;0;1;0;0;1;1;0
34;0;31;31;4.9;A;0;0;0;0;0;0;0;0;0;0;0;0;0;0;0;0;0;0;0;0;0;0;0;0;0;0;0;0;0;0;0
75;16;15;31;4.9;A;1;1;0;1;1;0;0;0;0;1;0;0;0;1;1;0;1;1;1;1;0;1;0;1;0;1;0;0;1;1;0
84;16;15;31;4.9;A;1;1;0;1;1;0;1;0;0;1;1;0;1;1;1;0;1;0;1;1;0;1;0;1;0;0;0;0;0;1;0
165;13;18;31;4.9;A;1;0;0;0;1;0;0;0;0;1;0;0;0;1;1;0;1;1;1;1;0;0;0;1;0;1;0;0;1;1;0
170;0;0;0;4.9;A;0;0;0;0;0;0;0;0;0;0;0;0;0;0;0;0;0;0;0;0;0;0;0;0;0;0;0;0;0;0;0
227;0;31;31;4.9;A;0;0;0;0;0;0;0;0;0;0;0;0;0;0;0;0;0;0;0;0;0;0;0;0;0;0;0;0;0;0;0
245;11;20;31;4.9;A;0;1;0;1;1;1;0;0;0;0;0;0;0;1;1;0;0;0;1;1;0;0;0;0;0;1;0;0;1;1;0
293;18;13;31;4.9;A;1;1;0;1;1;1;0;0;0;1;0;0;0;1;1;0;1;1;1;1;0;1;0;1;0;1;1;0;1;1;0
348;15;16;31;4.9;A;0;0;0;1;1;1;1;0;0;0;0;0;1;1;1;0;0;1;1;0;1;0;0;1;0;1;1;0;1;1;0
413;15;16;31;4.9;A;1;1;0;1;1;0;0;0;0;1;0;0;0;1;0;0;1;1;1;1;0;1;0;1;0;1;0;0;1;1;0
71;23;8;31;5.1;A;1;1;1;1;1;1;0;0;0;1;0;1;1;1;1;0;1;1;1;1;1;1;0;1;1;0;1;1;1;1;0
100;19;12;31;5.1;A;1;1;0;1;1;1;1;0;0;1;0;0;1;1;1;0;1;1;1;1;1;1;0;1;0;0;0;0;1;1;0
102;18;13;31;5.1;A;1;0;0;1;1;0;1;0;0;1;1;0;1;1;1;1;1;1;1;1;1;1;0;1;0;1;0;0;0;0;0
124;16;15;31;5.1;A;1;1;0;1;1;1;0;0;0;1;0;0;0;1;0;0;1;1;1;1;0;0;0;1;0;1;1;0;1;1;0
144;14;17;31;5.1;A;1;0;0;1;1;0;0;0;0;1;0;0;1;1;1;0;1;1;1;1;0;1;0;1;0;1;0;0;0;0;0
152;16;15;31;5.1;A;1;1;0;1;1;1;0;0;0;1;0;0;0;1;0;0;1;1;1;1;0;1;0;1;0;0;1;0;1;1;0
154;23;16;39;5.1;A;1;1;0;1;1;1;0;0;1;1;1;0;0;1;0;0;1;1;1;1;0;1;0;0;0;0;1;1;0;1;0
210;24;15;39;5.1;A;1;1;0;1;1;1;0;0;1;1;1;0;0;1;1;0;1;1;1;1;0;1;0;0;0;0;1;1;0;1;0
303;14;17;31;5.1;A;1;0;0;0;1;0;1;0;0;1;0;0;1;1;1;0;1;0;1;1;0;1;0;1;0;1;0;0;0;1;0
374;13;18;31;5.1;A;0;1;0;0;1;1;0;0;0;1;0;0;0;1;1;0;1;0;1;1;1;0;0;1;0;1;0;0;0;1;0
410;20;11;31;5.1;A;1;1;0;1;1;1;0;0;1;1;0;0;1;1;1;0;1;1;1;1;1;1;0;1;0;1;0;0;1;1;0
447;12;19;31;5.1;A;0;1;0;0;1;1;0;0;0;0;1;1;0;1;0;0;1;0;1;1;1;0;0;0;0;0;1;0;0;1;0
9;18;6;24;5.2;A;1;0;0;1;1;0;0;0;0;1;0;0;0;1;0;0;1;1;1;1;0;1;0;0;0;0;0;0;0;0;0
67;16;15;31;5.2;A;1;1;0;1;1;1;0;0;0;1;0;0;0;1;1;0;1;1;1;1;0;1;0;1;0;0;0;0;1;1;0
114;17;38;55;5.2;A;0;0;0;1;0;1;0;0;0;0;0;0;0;1;1;0;1;0;1;1;0;0;0;1;0;1;0;0;1;1;0
125;0;0;0;5.2;A;0;0;0;0;0;0;0;0;0;0;0;0;0;0;0;0;0;0;0;0;0;0;0;0;0;0;0;0;0;0;0
162;16;15;31;5.2;A;1;1;0;1;1;1;0;0;0;1;0;0;0;1;1;0;1;1;1;1;0;1;0;0;0;1;0;0;1;1;0
184;20;19;39;5.2;A;1;1;0;1;1;0;0;0;0;1;0;0;0;1;1;0;1;1;1;1;0;0;0;0;0;0;1;0;1;1;0
290;23;16;39;5.2;A;1;1;1;1;1;1;0;0;0;1;0;1;1;1;1;0;1;1;1;1;1;1;0;1;1;0;1;1;1;1;0
319;16;15;31;5.2;A;1;1;0;1;1;1;0;0;0;1;0;0;0;1;1;0;1;1;0;1;0;1;0;1;0;1;1;0;0;1;0
328;5;34;39;5.2;A;1;0;0;1;0;0;0;0;0;0;0;0;0;1;0;0;0;0;0;1;0;0;0;0;0;0;0;0;0;1;0
368;11;20;31;5.2;A;1;0;0;1;1;1;0;0;0;1;0;0;0;1;0;0;1;1;1;1;0;1;0;0;0;0;0;0;0;0;0
442;16;15;31;5.2;A;1;1;0;1;1;1;0;0;0;1;0;0;0;1;0;0;1;0;1;1;0;1;0;1;0;1;1;0;1;1;0
454;15;16;31;5.2;A;1;1;0;1;1;1;0;0;0;1;0;0;0;1;0;0;1;1;1;1;0;0;0;1;0;1;0;1;0;1;0
58;5;26;31;5.3;A;0;0;0;0;1;0;0;0;0;1;0;0;0;1;0;0;1;0;1;0;0;0;0;0;0;0;0;0;0;0;0
76;13;18;31;5.3;A;1;1;0;0;1;1;0;0;0;1;0;0;0;1;0;0;1;0;1;1;0;1;0;0;0;0;1;1;0;1;0
92;16;15;31;5.3;A;1;1;0;1;1;0;0;0;0;0;0;1;1;1;0;0;1;1;1;1;0;0;0;1;0;1;1;0;1;1;0
93;17;22;39;5.3;A;1;0;0;1;1;1;0;0;0;0;0;1;0;1;1;0;1;1;1;1;1;1;0;0;0;0;1;1;1;1;0
137;17;22;39;5.3;A;1;1;0;1;1;1;0;0;0;1;0;0;0;1;1;0;1;1;1;1;1;1;0;0;0;0;1;0;1;1;0
145;16;15;31;5.3;A;1;1;0;1;1;1;0;0;0;1;0;0;0;1;0;0;1;1;1;1;1;1;0;0;0;0;1;0;1;1;0
160;19;12;31;5.3;A;1;1;0;1;1;1;0;0;0;1;0;0;0;1;1;0;1;1;1;1;1;1;0;1;0;1;1;0;1;1;0
169;15;16;31;5.3;A;0;1;0;1;1;1;0;0;1;1;0;0;0;1;0;0;1;0;1;1;0;1;0;0;0;1;0;1;1;1;0
190;17;22;39;5.3;A;1;1;0;1;1;1;0;0;0;1;0;0;0;1;0;0;1;1;1;1;1;1;0;0;0;1;1;0;1;1;0
312;13;18;31;5.3;A;1;0;0;1;1;0;0;0;0;1;0;0;1;1;1;0;1;1;1;1;0;1;0;1;0;0;0;0;0;0;0
363;19;12;31;5.3;A;1;1;0;1;1;1;0;0;0;1;0;0;0;1;1;0;1;1;1;1;1;1;0;1;0;1;1;0;1;1;0
6;10;21;31;5.4;A;1;0;0;0;1;0;0;0;0;1;0;0;1;1;0;0;1;0;1;1;0;1;0;1;0;0;0;0;0;0;0
39;16;15;31;5.4;A;1;1;0;1;1;1;0;0;0;1;0;0;0;1;1;0;1;1;1;1;0;1;0;0;0;1;0;0;1;1;0
53;1;30;31;5.4;A;0;0;0;0;0;0;0;0;0;0;0;0;0;1;0;0;0;0;0;0;0;0;0;0;0;0;0;0;0;0;0
83;17;14;31;5.4;A;0;1;0;0;1;1;0;0;0;0;0;0;0;1;1;0;1;1;1;1;1;1;0;1;0;1;1;1;1;1;0
118;20;19;39;5.4;A;1;0;0;1;1;1;0;0;0;1;0;0;0;1;0;0;1;1;1;1;1;0;0;0;0;0;1;0;1;1;0
156;26;13;39;5.4;A;1;1;0;1;1;1;0;0;0;1;0;0;0;1;1;0;1;1;1;1;1;1;0;0;0;1;1;0;1;1;0
168;15;16;31;5.4;A;1;1;0;1;1;0;0;0;0;1;0;0;0;1;1;0;1;1;1;1;0;1;0;0;0;1;1;0;0;1;0
178;13;18;31;5.4;A;0;0;0;1;1;1;0;0;0;1;0;0;0;1;0;0;1;1;1;0;1;1;0;0;0;0;1;0;1;1;0
236;11;20;31;5.4;A;0;1;0;1;1;1;0;0;0;0;0;0;0;0;0;0;1;1;0;0;0;1;0;1;0;0;0;1;1;1;0
241;17;14;31;5.4;A;1;0;0;0;1;1;0;0;0;1;0;0;1;1;1;0;1;1;1;1;1;1;0;1;0;0;1;0;1;1;0
244;23;8;31;5.4;A;1;1;0;1;1;1;1;0;0;1;1;1;0;1;1;1;1;1;1;1;1;1;0;1;0;1;1;0;1;1;0
247;16;15;31;5.4;A;1;1;0;1;1;1;0;0;0;1;0;0;0;1;1;0;1;1;1;1;0;1;0;0;0;1;0;0;1;1;0
287;0;31;31;5.4;A;0;0;0;0;0;0;0;0;0;0;0;0;0;0;0;0;0;0;0;0;0;0;0;0;0;0;0;0;0;0;0
295;16;23;39;5.4;A;1;1;0;1;1;1;0;0;0;1;0;0;0;1;0;0;1;1;1;1;1;1;0;0;0;0;1;0;1;1;0
315;16;23;39;5.4;A;1;1;0;1;1;1;0;0;0;1;0;0;0;1;1;0;1;1;1;1;1;0;0;1;0;0;0;0;1;1;0
318;1;30;31;5.4;A;0;1;0;0;0;0;0;0;0;0;0;0;0;0;0;0;0;0;0;0;0;0;0;0;0;0;0;0;0;0;0
327;0;31;31;5.4;A;0;0;0;0;0;0;0;0;0;0;0;0;0;0;0;0;0;0;0;0;0;0;0;0;0;0;0;0;0;0;0
359;17;14;31;5.4;A;1;1;0;1;1;1;0;0;0;1;0;0;0;1;1;0;1;1;1;1;0;1;0;1;0;1;0;0;1;1;0
395;17;14;31;5.4;A;1;1;0;1;1;1;0;0;0;1;0;0;0;1;0;0;1;1;1;1;1;1;0;1;0;1;1;0;0;1;0
404;22;9;31;5.4;A;1;1;0;1;1;1;0;0;0;1;0;1;1;1;1;0;1;1;1;1;1;1;0;1;0;1;1;1;1;1;0
427;18;21;39;5.4;A;0;0;0;1;1;1;0;0;0;1;0;0;1;1;1;0;1;1;1;1;1;1;0;1;0;1;1;0;1;1;0
10;19;20;39;5.5;A;1;0;0;1;1;0;0;0;0;1;0;0;0;1;1;0;1;1;1;1;0;1;0;1;0;1;0;0;1;0;0
36;20;11;31;5.5;A;1;1;0;1;1;1;1;0;0;1;0;0;0;1;1;0;1;1;1;1;0;1;0;1;0;1;1;1;1;1;0
42;9;15;24;5.5;A;1;0;0;1;1;0;0;0;0;1;0;0;0;1;0;0;1;0;1;1;0;1;0;0;0;0;0;0;0;0;0
45;16;15;31;5.5;A;1;1;0;1;1;1;0;0;0;1;0;0;0;1;1;0;1;1;1;1;0;1;0;1;0;1;0;0;0;1;0
47;12;19;31;5.5;A;0;1;0;1;1;0;0;0;0;1;0;0;0;1;0;0;1;0;1;1;1;1;0;0;0;0;0;0;1;1;0
136;19;20;39;5.5;A;1;1;0;1;1;1;0;0;0;1;0;0;1;1;1;0;1;1;1;1;0;1;0;1;0;1;1;0;1;1;0
186;15;16;31;5.5;A;1;0;0;0;1;1;0;0;0;1;0;0;1;1;1;0;1;1;1;1;0;1;0;1;0;1;1;0;0;0;0
187;16;15;31;5.5;A;1;0;0;1;1;0;1;0;0;1;0;0;1;1;1;0;1;1;1;1;0;1;0;1;0;1;0;0;1;0;0
205;13;18;31;5.5;A;1;0;0;1;1;0;0;0;0;1;0;0;0;1;1;0;1;1;1;1;0;1;0;1;0;1;0;0;0;0;0
230;18;13;31;5.5;A;1;1;0;1;1;1;1;0;0;1;0;0;1;1;0;0;1;1;1;1;0;1;0;1;0;1;0;0;1;1;0
256;16;15;31;5.5;A;1;1;0;1;1;1;0;0;0;1;0;0;0;1;0;0;1;1;1;1;0;1;0;1;0;0;1;0;1;1;0
270;14;17;31;5.5;A;1;0;0;1;1;0;0;0;0;1;0;0;0;1;0;0;1;1;1;1;0;1;0;1;0;1;1;0;1;0;0
277;8;23;31;5.5;A;1;0;0;0;1;0;0;0;0;0;0;0;0;0;0;0;1;1;0;1;1;1;0;0;0;0;0;0;0;1;0
309;10;37;47;5.5;A;0;0;0;1;0;0;0;0;0;0;0;0;1;1;0;0;1;0;1;0;0;1;0;1;0;0;1;0;1;1;0
322;0;16;16;5.5;A;0;0;0;0;0;0;0;0;0;0;0;0;0;0;0;0;0;0;0;0;0;0;0;0;0;0;0;0;0;0;0
419;16;15;31;5.5;A;0;0;0;1;1;1;0;0;0;1;0;0;0;1;0;0;1;1;1;1;1;1;0;1;0;1;1;0;1;1;0
420;12;19;31;5.5;A;0;0;0;1;1;0;0;0;0;1;0;0;1;1;0;0;1;1;0;1;0;1;0;1;0;0;0;0;1;1;0
13;9;22;31;5.6;A;1;0;0;1;1;0;0;0;0;1;0;0;0;1;0;0;1;0;1;1;0;0;0;0;0;1;0;0;0;0;0
22;28;19;47;5.6;A;1;1;0;1;1;1;1;0;0;1;0;0;1;1;1;0;1;1;1;1;1;1;0;1;0;1;1;0;1;1;0
60;11;20;31;5.6;A;1;1;1;1;1;1;0;0;1;0;0;0;0;0;0;0;0;1;0;0;1;1;0;0;1;0;0;0;0;0;0
61;16;15;31;5.6;A;1;1;0;1;1;1;0;0;1;1;0;0;0;1;1;0;1;1;1;1;0;1;0;0;0;0;0;0;1;1;0
62;12;35;47;5.6;A;0;1;0;1;1;1;0;0;0;0;0;0;1;1;0;0;0;1;1;1;0;0;0;1;0;0;0;0;1;1;0
117;16;15;31;5.6;A;1;1;0;1;1;0;0;0;0;1;0;0;0;1;1;0;1;1;1;1;1;1;0;1;0;0;0;0;1;1;0
159;16;15;31;5.6;A;1;1;0;1;1;1;0;0;0;1;0;0;0;1;1;0;1;1;1;1;0;1;0;1;0;1;0;0;1;0;0
163;16;15;31;5.6;A;1;1;0;0;1;1;0;0;0;1;0;0;0;1;1;0;1;1;1;1;0;1;0;0;0;1;1;0;1;1;0
181;11;20;31;5.6;A;0;0;0;1;1;0;0;0;0;0;0;0;0;1;1;0;0;1;1;1;1;1;0;0;0;1;0;0;1;0;0
183;19;12;31;5.6;A;1;1;0;1;1;1;0;0;0;1;0;0;1;1;1;0;1;1;1;1;0;1;0;1;0;1;1;0;1;1;0
191;25;6;31;5.6;A;1;1;0;1;1;1;1;1;0;1;0;1;1;1;1;1;1;1;1;1;1;1;0;1;0;1;1;1;1;1;0
198;15;16;31;5.6;A;1;0;0;1;1;0;1;0;0;1;1;0;1;1;0;0;1;0;1;1;0;1;0;1;0;1;0;0;0;1;0
252;14;17;31;5.6;A;0;1;0;1;1;1;0;0;0;1;0;0;1;1;0;0;1;0;1;1;0;1;0;0;0;0;1;0;1;1;0
254;18;21;39;5.6;A;1;1;0;1;1;1;0;0;0;1;0;0;1;1;0;0;1;1;1;1;1;1;0;1;0;0;1;0;1;1;0
337;17;14;31;5.6;A;1;0;0;1;1;1;0;0;0;0;0;0;1;1;0;0;1;1;1;1;1;1;0;1;0;1;1;0;1;1;0
429;15;16;31;5.6;A;1;1;0;1;1;1;0;0;0;1;0;0;0;1;1;0;0;0;1;1;0;1;0;1;0;1;0;0;1;1;0
430;15;16;31;5.6;A;1;0;0;0;1;0;0;1;0;1;1;0;1;1;0;0;1;0;1;1;1;1;0;1;0;0;1;0;0;0;1
433;19;12;31;5.6;A;1;0;0;1;1;1;0;0;0;1;0;0;1;1;1;0;1;1;1;1;1;1;0;1;0;1;1;0;1;1;0
441;16;15;31;5.6;A;1;1;0;1;1;1;0;0;0;1;0;0;0;1;1;0;1;0;1;1;0;1;0;1;0;1;0;0;1;1;0
461;20;11;31;5.6;A;1;1;0;1;1;1;1;0;0;1;0;0;0;1;1;0;1;1;1;1;1;1;0;1;0;1;1;0;1;1;0
465;15;16;31;5.6;A;1;1;0;1;1;0;0;0;0;1;0;0;1;1;0;0;1;1;1;1;0;1;0;1;0;0;0;0;1;1;0
32;20;27;47;5.7;A;1;0;0;1;1;0;0;0;0;1;0;0;0;1;1;0;1;1;1;1;0;1;0;1;0;1;0;0;1;0;0
126;4;12;16;5.7;A;0;0;0;0;1;0;0;0;0;0;0;0;0;1;0;0;1;0;1;0;0;0;0;0;0;0;0;0;0;0;0
128;16;15;31;5.7;A;1;1;0;1;1;1;0;0;0;1;0;1;0;1;0;0;1;0;1;1;0;1;0;0;0;1;1;0;1;1;0
158;26;13;39;5.7;A;1;1;0;1;1;1;0;0;0;1;0;0;1;1;1;0;1;1;1;1;0;1;0;1;0;1;0;0;1;1;0
164;7;24;31;5.7;A;0;1;0;0;0;1;0;0;1;0;0;0;0;0;0;1;0;0;0;0;1;0;0;0;0;0;1;0;0;1;0
188;17;14;31;5.7;A;1;0;0;1;1;1;0;0;0;1;0;0;0;1;1;0;1;1;1;1;0;1;0;1;0;1;0;1;1;1;0
199;19;20;39;5.7;A;1;0;0;1;1;0;0;0;0;1;0;0;0;1;1;0;1;1;1;1;0;1;0;0;0;1;0;0;1;0;0
209;11;20;31;5.7;A;1;0;0;1;1;0;0;0;0;0;0;0;0;1;1;0;0;1;1;1;0;1;0;0;0;0;1;0;1;0;0
262;17;14;31;5.7;A;1;0;0;1;1;1;0;0;0;1;0;1;0;1;0;0;1;1;1;1;1;1;0;0;0;0;1;1;1;1;0
284;16;15;31;5.7;A;1;1;0;1;1;1;0;0;0;1;0;0;0;1;1;0;1;1;1;1;0;1;0;0;0;1;0;0;1;1;0
305;15;16;31;5.7;A;1;0;0;1;1;0;0;0;0;1;0;0;0;1;1;0;1;1;1;1;0;1;0;1;0;1;0;0;1;1;0
313;15;24;39;5.7;A;1;1;0;1;1;1;0;0;0;1;0;0;0;1;0;0;1;1;1;1;1;1;0;0;0;0;1;0;1;0;0
331;14;10;24;5.7;A;1;0;0;1;1;0;0;0;0;1;0;0;0;1;1;0;1;1;1;1;0;1;0;1;0;1;0;0;1;0;0
340;19;12;31;5.7;A;1;1;0;1;1;1;1;0;0;1;0;0;0;1;1;0;1;1;1;1;1;1;0;1;0;0;1;0;1;1;0
344;15;16;31;5.7;A;1;1;0;1;1;1;0;0;0;1;0;1;0;1;0;0;1;1;1;1;1;1;0;0;0;0;0;0;1;0;0
401;19;12;31;5.7;A;1;1;0;1;1;1;0;0;0;1;0;0;0;1;1;0;1;1;1;1;0;1;0;1;0;1;1;1;1;1;0
405;15;16;31;5.7;A;1;0;0;1;1;0;1;0;0;1;0;0;1;1;1;0;1;1;1;1;0;1;0;1;0;0;0;0;1;0;0
445;26;5;31;5.7;A;1;1;0;1;1;1;1;0;1;1;1;1;1;1;1;1;1;1;1;1;1;1;0;1;0;1;1;1;1;1;0
452;12;19;31;5.7;A;1;1;0;0;1;1;0;0;0;1;0;0;0;1;0;0;1;0;1;1;0;1;0;0;0;1;0;0;0;1;0
462;27;4;31;5.7;A;1;1;0;1;1;1;1;1;1;1;1;1;1;1;1;1;1;1;1;1;1;1;0;1;0;1;1;1;1;1;0
8;15;24;39;5.8;A;1;0;0;1;1;0;0;0;0;1;0;0;1;1;1;0;1;1;1;1;1;0;0;1;0;0;0;0;1;1;0
11;11;20;31;5.8;A;0;1;0;1;1;0;0;0;0;1;0;0;0;1;0;0;1;0;0;1;1;1;0;0;0;0;0;0;1;1;0
94;15;16;31;5.8;A;1;0;1;0;1;0;0;0;1;1;0;0;1;1;1;0;1;0;1;1;0;1;0;1;1;1;0;0;0;0;0
153;20;19;39;5.8;A;1;1;0;1;1;1;0;0;0;1;0;0;0;1;1;0;1;1;1;1;1;1;0;1;0;1;1;1;1;1;0
214;10;21;31;5.8;A;0;0;0;0;1;0;0;0;0;0;0;0;0;1;0;0;1;1;1;1;0;0;0;1;0;1;1;0;0;1;0
229;17;14;31;5.8;A;1;1;0;1;1;1;0;0;0;1;0;0;0;1;0;0;1;1;1;1;1;1;0;1;0;1;1;0;0;1;0
239;21;10;31;5.8;A;1;1;0;1;1;1;0;0;0;1;0;1;0;1;1;1;1;1;1;1;1;1;0;1;0;1;1;1;0;1;0
249;16;15;31;5.8;A;1;0;0;1;1;0;0;0;0;1;0;0;0;1;0;0;1;1;1;1;1;1;0;1;0;1;1;0;1;1;0
250;14;17;31;5.8;A;1;0;0;1;1;0;0;0;0;1;0;0;0;1;1;0;1;1;1;1;0;1;0;1;0;1;0;0;1;0;0
276;21;18;39;5.8;A;1;0;0;1;1;0;0;0;0;1;0;0;0;1;1;0;1;1;1;1;0;1;0;0;0;1;0;0;1;0;0
279;15;16;31;5.8;A;1;0;0;1;1;1;0;0;0;1;0;0;0;1;1;0;1;1;1;1;0;1;0;1;0;0;0;0;1;1;0
285;14;25;39;5.8;A;1;1;0;1;1;1;0;0;0;1;0;0;0;1;1;0;1;1;0;1;0;1;0;0;0;0;0;0;1;1;0
326;20;19;39;5.8;A;1;1;0;1;1;0;1;0;0;1;0;0;1;1;1;0;1;1;1;1;1;1;0;1;0;1;1;0;1;1;0
341;16;15;31;5.8;A;1;1;0;1;1;1;0;0;0;1;0;0;0;1;1;0;1;1;1;1;0;1;0;1;0;0;0;0;1;1;0
350;14;17;31;5.8;A;1;0;0;1;1;1;0;0;0;1;0;0;0;1;1;0;1;1;1;1;0;0;0;0;0;1;0;0;1;1;0
358;12;27;39;5.8;A;1;1;0;1;0;0;0;0;0;0;0;0;0;1;1;0;0;1;1;1;0;0;0;0;0;1;0;1;1;1;0
373;20;19;39;5.8;A;1;1;0;1;1;1;0;0;0;1;0;0;0;1;0;0;1;0;1;1;0;1;0;0;0;0;1;0;1;1;0
378;17;22;39;5.8;A;1;0;0;0;1;0;1;0;0;1;0;0;0;0;1;0;1;1;1;1;0;1;0;0;0;1;0;0;0;0;0
387;18;13;31;5.8;A;1;1;0;1;1;0;1;0;0;1;0;0;1;1;1;0;1;1;1;1;0;1;0;1;0;1;0;1;1;0;0
394;8;23;31;5.8;A;1;0;0;0;1;0;0;0;0;1;0;0;0;1;0;0;1;0;1;1;0;1;0;0;0;0;0;0;0;0;0
397;26;5;31;5.8;A;1;1;0;1;1;1;1;0;1;1;1;1;1;1;1;1;1;1;1;1;1;1;0;1;0;1;1;1;1;1;0
411;14;17;31;5.8;A;0;0;0;1;1;0;1;0;0;1;0;0;0;1;0;0;1;1;1;1;0;1;0;1;0;1;0;0;1;1;0
435;17;14;31;5.8;A;1;0;0;1;1;1;0;0;0;1;0;0;0;1;0;1;1;1;1;1;0;1;0;1;0;1;1;0;1;1;0
0;15;24;39;5.9;A;1;1;0;1;1;1;0;0;0;1;0;0;0;1;1;0;1;1;1;1;0;1;0;0;0;0;0;0;1;1;0
4;13;18;31;5.9;A;1;1;0;1;1;0;0;0;0;0;0;0;1;1;0;0;1;1;1;0;0;1;0;1;0;0;0;0;1;1;0
52;7;32;39;5.9;A;0;1;0;0;1;0;0;0;0;0;1;0;0;1;0;0;0;0;0;0;0;0;0;0;0;0;1;0;0;1;1
65;12;19;31;5.9;A;0;1;0;1;1;0;0;0;0;0;0;0;0;1;0;0;1;0;1;0;1;1;0;0;0;1;1;0;1;1;0
108;26;13;39;5.9;A;1;1;0;1;1;1;0;0;0;1;0;0;0;1;1;0;1;1;1;1;1;1;0;1;0;1;0;1;1;1;0
121;16;23;39;5.9;A;1;1;0;1;1;1;0;0;0;1;0;0;0;1;1;0;1;1;1;1;0;1;0;1;0;0;0;0;1;1;0
132;19;12;31;5.9;A;1;1;0;1;1;1;0;0;0;1;0;0;1;1;1;0;1;1;1;1;0;1;0;1;0;1;1;0;1;1;0
139;20;11;31;5.9;A;1;1;0;1;1;1;1;0;0;1;0;0;1;1;1;0;1;1;1;1;1;1;0;1;0;1;0;0;1;1;0
201;16;15;31;5.9;A;1;1;0;1;1;1;0;0;0;1;0;0;0;1;0;0;1;1;1;1;0;1;0;1;0;1;0;0;1;1;0
264;18;13;31;5.9;A;1;1;0;1;1;1;0;0;0;1;0;0;0;1;1;0;1;1;1;1;0;1;0;1;0;1;0;1;1;1;0
304;18;13;31;5.9;A;1;1;0;1;1;1;0;0;0;1;0;0;0;1;0;0;1;1;1;1;1;1;0;1;0;1;1;0;1;1;0
324;22;9;31;5.9;A;1;0;0;1;1;1;1;0;1;1;1;0;1;1;1;1;1;0;1;1;0;1;0;1;0;1;1;1;1;1;0
364;16;15;31;5.9;A;1;1;0;1;1;0;0;0;0;1;0;0;1;1;1;0;1;1;1;1;0;1;0;1;0;1;0;0;0;1;0
388;25;14;39;5.9;A;1;1;0;1;1;1;1;0;1;1;0;1;1;1;1;1;1;1;1;1;1;1;0;1;0;1;1;1;1;1;0
444;22;17;39;5.9;A;1;1;0;1;1;1;0;1;0;1;0;1;0;1;0;0;1;1;1;1;1;1;0;0;0;0;1;1;1;1;0
460;13;26;39;5.9;A;0;1;0;1;1;1;1;0;0;1;0;0;0;1;0;0;1;1;1;0;1;0;0;0;0;0;1;0;0;1;0
64;17;14;31;6.1;A;1;1;0;1;1;1;0;0;0;1;0;0;0;1;1;0;1;1;1;1;0;1;0;1;0;1;0;0;1;1;0
74;20;11;31;6.1;A;1;1;0;1;1;1;0;0;0;1;0;0;0;1;1;0;1;1;1;1;1;1;0;1;0;1;1;1;1;1;0
79;53;17;70;6.1;A;1;1;0;1;1;1;0;0;0;1;0;0;0;1;1;0;1;1;1;1;0;1;0;1;0;1;0;0;1;1;0
87;13;18;31;6.1;A;1;0;0;1;1;0;0;0;0;1;0;0;0;1;1;0;1;0;1;1;0;1;0;1;0;1;0;0;1;0;0
95;11;20;31;6.1;A;0;0;0;1;1;0;0;0;0;0;0;0;0;0;1;0;1;1;1;1;0;1;0;1;0;1;0;0;1;0;0
113;21;10;31;6.1;A;1;1;0;1;1;1;0;0;0;1;1;0;1;1;1;0;1;1;1;1;1;1;0;1;0;1;1;0;1;1;0
115;16;23;39;6.1;A;1;1;0;1;1;1;0;0;0;1;0;0;1;1;0;0;1;0;1;1;0;1;0;1;0;0;1;0;1;1;0
119;17;14;31;6.1;A;1;1;0;1;1;1;0;0;0;1;0;0;0;1;1;0;1;1;1;1;1;1;0;0;0;0;1;0;1;1;0
143;15;16;31;6.1;A;1;1;0;0;1;1;0;0;0;1;0;0;0;1;1;0;0;1;1;1;0;1;0;1;0;1;0;0;1;1;0
185;14;17;31;6.1;A;1;1;0;1;1;0;0;0;0;1;0;0;0;1;1;0;1;0;1;1;0;1;0;1;0;1;0;0;1;0;0
213;15;32;47;6.1;A;1;1;0;1;1;1;0;0;0;1;0;0;0;1;0;0;1;1;1;1;1;1;0;0;0;0;1;0;0;1;0
253;16;15;31;6.1;A;1;1;0;1;1;1;0;0;0;1;0;0;0;1;0;0;1;1;1;1;1;1;0;0;0;0;1;0;1;1;0
258;17;14;31;6.1;A;0;1;0;1;1;1;0;0;0;1;0;1;0;1;1;0;1;1;1;1;1;1;0;1;0;0;0;0;1;1;0
267;13;18;31;6.1;A;1;0;0;1;1;0;0;0;0;1;0;0;1;1;1;0;1;1;1;1;0;1;0;1;0;0;0;0;0;0;0
298;16;15;31;6.1;A;1;0;0;1;1;0;1;0;0;1;0;0;1;1;1;0;1;1;1;1;0;1;0;1;0;1;0;0;1;0;0
307;18;13;31;6.1;A;1;1;1;1;1;1;0;0;1;1;0;0;0;1;0;0;1;1;1;1;1;1;0;0;0;0;1;0;1;1;0
342;23;16;39;6.1;A;1;1;0;1;1;0;0;0;0;1;0;0;0;1;1;0;1;0;1;1;1;1;0;1;0;1;0;0;1;1;0
347;14;17;31;6.1;A;1;1;0;1;1;0;0;0;0;1;0;0;0;1;1;0;0;1;1;1;0;1;0;0;0;1;0;0;1;1;0
379;18;13;31;6.1;A;1;1;0;1;1;1;1;0;0;1;0;0;1;1;1;0;1;1;1;1;0;1;0;1;0;0;0;0;1;1;0
385;20;27;47;6.1;A;1;1;0;1;1;1;1;0;0;1;0;0;1;1;1;0;1;1;1;1;1;1;0;1;0;1;0;0;1;1;0
415;20;19;39;6.1;A;1;0;0;1;1;0;0;0;0;1;0;0;0;1;1;0;1;1;1;1;0;1;0;1;0;0;1;0;1;0;0
426;20;27;47;6.1;A;1;1;0;1;1;1;0;0;0;1;0;0;0;1;1;0;1;1;1;1;1;1;0;1;0;1;1;1;1;1;0
432;30;9;39;6.1;A;1;1;0;1;1;1;1;0;1;1;0;1;1;1;0;1;1;1;1;1;1;1;0;1;0;1;1;1;1;1;0
443;26;18;44;6.1;A;1;1;0;1;1;1;1;0;1;1;1;1;1;1;1;1;1;1;1;1;1;1;0;1;0;1;1;1;1;1;0
453;17;14;31;6.1;A;1;1;0;1;1;1;0;0;0;1;0;0;1;1;0;0;1;1;1;1;0;1;0;1;0;0;1;0;1;1;0
25;10;21;31;6.2;A;0;0;0;1;1;0;0;0;0;0;0;0;0;1;0;0;1;1;1;1;0;1;0;0;0;1;0;0;1;0;0
73;13;26;39;6.2;A;1;0;0;1;1;0;0;0;0;1;0;0;1;1;1;0;0;1;1;1;0;0;0;1;0;1;0;0;1;0;0
97;23;24;47;6.2;A;1;1;0;1;1;1;1;0;0;1;0;1;1;1;1;1;1;1;1;1;1;1;0;1;0;1;1;0;1;1;0
107;27;4;31;6.2;A;1;1;0;1;1;1;1;1;1;1;1;1;1;1;1;1;1;1;1;1;1;1;1;1;0;0;1;1;1;1;0
130;19;12;31;6.2;A;1;1;0;1;1;1;0;0;0;1;0;0;0;1;1;0;1;1;1;1;1;1;0;1;0;1;0;1;1;1;0
133;22;17;39;6.2;A;1;0;0;1;1;0;1;0;0;1;0;0;1;1;1;0;1;1;1;1;0;1;0;1;0;1;0;0;1;0;0
135;38;9;47;6.2;A;1;1;0;1;1;1;0;1;0;1;1;1;0;1;0;1;1;1;1;1;1;1;0;1;0;0;1;1;1;1;0
138;13;26;39;6.2;A;1;1;0;0;1;1;0;0;0;1;0;0;1;1;0;0;1;1;1;0;0;0;0;1;0;0;0;0;0;1;0
194;23;16;39;6.2;A;1;1;0;1;1;0;0;0;0;1;0;0;0;1;1;0;1;1;1;1;0;1;0;0;0;1;0;0;1;1;0
235;0;0;0;6.2;A;0;0;0;0;0;0;0;0;0;0;0;0;0;0;0;0;0;0;0;0;0;0;0;0;0;0;0;0;0;0;0
269;13;18;31;6.2;A;0;1;0;1;0;1;0;0;0;1;0;0;0;1;0;0;1;1;1;1;1;0;0;0;0;1;1;0;0;1;0
273;16;15;31;6.2;A;1;0;0;1;1;1;0;0;0;1;0;0;0;1;1;0;1;1;1;1;0;1;0;0;0;1;0;1;1;1;0
306;13;18;31;6.2;A;0;0;0;1;1;1;0;0;0;1;0;0;0;1;1;0;1;0;1;1;0;1;0;1;0;0;1;0;1;0;0
365;17;14;31;6.2;A;1;0;0;1;1;0;1;0;0;1;0;0;1;1;1;0;1;1;1;1;0;1;0;1;0;1;0;0;1;1;0
449;17;22;39;6.2;A;1;0;0;1;1;0;0;0;0;1;0;0;0;1;1;0;1;1;1;1;0;1;0;0;0;1;1;0;1;1;0
455;18;13;31;6.2;A;1;1;0;1;1;1;0;0;1;1;0;0;0;1;1;0;1;1;1;1;0;1;0;1;0;1;0;0;1;1;0
15;14;25;39;6.3;A;1;0;0;1;1;1;0;0;0;1;0;0;0;1;1;0;1;1;1;1;0;1;0;0;0;1;0;0;1;0;0
20;8;8;16;6.3;A;1;0;0;0;1;0;0;0;0;1;0;0;0;1;0;0;1;0;1;1;0;1;0;0;0;0;0;0;0;0;0
27;16;15;31;6.3;A;1;1;0;1;1;0;0;0;0;1;0;1;0;1;0;0;1;1;1;1;1;1;0;0;0;0;1;1;0;1;0
50;0;0;0;6.3;A;0;0;0;0;0;0;0;0;0;0;0;0;0;0;0;0;0;0;0;0;0;0;0;0;0;0;0;0;0;0;0
63;26;5;31;6.3;A;1;1;0;1;1;1;1;1;0;1;1;1;1;1;1;1;1;1;1;1;1;1;0;1;0;1;1;1;1;1;0
66;39;8;47;6.3;A;1;1;0;1;1;1;1;0;1;1;0;1;1;1;1;0;1;1;1;1;1;1;0;1;0;1;1;0;1;1;0
80;17;30;47;6.3;A;1;0;0;1;1;0;1;0;0;1;0;0;1;1;1;0;1;1;1;1;1;1;0;1;0;1;0;0;1;0;0
91;20;11;31;6.3;A;1;1;1;1;1;1;0;0;1;1;0;0;1;1;1;0;1;0;1;1;1;1;0;1;1;1;0;0;1;0;0
120;15;16;31;6.3;A;1;1;0;1;1;1;0;0;0;1;0;0;0;1;0;0;1;1;1;1;1;1;0;0;0;0;0;0;1;1;0
217;15;16;31;6.3;A;1;1;0;1;1;0;0;0;0;1;0;0;0;1;1;0;1;1;1;1;0;1;0;0;0;1;0;0;1;1;0
237;26;13;39;6.3;A;1;1;0;1;1;0;1;0;0;1;1;0;1;1;1;1;0;1;1;1;1;1;0;1;0;0;1;0;1;0;0
238;15;24;39;6.3;A;1;0;0;1;1;1;0;0;0;0;0;0;0;1;0;0;1;1;1;1;0;1;0;1;0;1;1;0;1;1;0
283;27;4;31;6.3;A;1;1;1;1;1;1;1;1;1;1;1;1;0;1;1;1;1;1;1;1;1;1;0;1;0;1;1;1;1;1;0
329;27;20;47;6.3;A;1;1;0;1;1;1;0;0;1;1;0;0;1;1;1;0;1;1;1;1;0;1;0;1;0;0;1;0;1;1;0
375;19;12;31;6.3;A;1;0;0;1;1;1;0;0;0;1;0;0;1;1;1;0;1;1;1;1;1;1;0;1;0;1;1;0;1;1;0
376;15;16;31;6.3;A;1;0;0;1;1;1;0;0;0;1;0;0;0;1;1;0;1;1;1;1;1;1;0;0;0;0;0;0;1;1;0
409;21;10;31;6.3;A;1;1;0;1;1;1;0;1;0;1;0;1;1;1;0;1;1;1;1;1;1;1;0;0;0;0;1;1;1;1;0
416;21;18;39;6.3;A;1;1;1;1;1;1;0;0;1;1;0;1;0;1;0;1;1;1;1;1;1;1;0;1;0;0;1;0;1;1;0
463;27;12;39;6.3;A;1;1;0;1;1;1;1;0;0;1;0;0;1;1;1;0;1;0;1;1;0;1;0;1;0;1;1;1;1;1;0
18;23;24;47;6.4;A;1;1;0;0;1;1;1;1;1;1;0;1;0;1;1;1;1;0;1;1;1;1;0;1;0;1;1;1;1;1;0
19;14;25;39;6.4;A;1;0;0;1;1;1;0;0;0;0;0;1;0;1;1;0;1;0;1;1;1;1;0;0;0;1;0;0;1;0;0
43;17;14;31;6.4;A;1;1;0;1;1;1;0;0;0;1;0;0;0;1;1;0;1;1;1;1;0;1;0;1;0;0;1;0;1;1;0
111;28;3;31;6.4;A;1;1;1;1;1;1;1;1;1;1;1;1;1;1;1;1;1;1;1;1;1;1;0;1;0;1;1;1;1;1;0
189;16;15;31;6.4;A;1;1;0;1;1;0;0;0;0;1;0;0;0;1;1;0;1;1;1;1;0;1;0;0;0;1;1;0;1;1;0
211;18;13;31;6.4;A;1;1;0;1;1;1;0;0;0;1;0;0;0;1;1;0;1;1;1;1;0;1;0;1;0;1;1;0;1;1;0
228;24;15;39;6.4;A;1;1;0;1;1;1;0;0;0;1;0;0;0;1;1;0;1;1;1;1;0;1;0;1;0;1;0;0;1;1;0
286;27;12;39;6.4;A;1;1;0;1;1;1;0;0;0;1;0;0;0;1;1;0;1;1;1;1;1;1;0;1;0;1;1;1;1;1;0
291;19;12;31;6.4;A;0;1;0;1;1;1;0;0;0;1;1;1;1;1;1;0;1;0;1;1;1;1;0;1;0;1;0;0;1;1;0
314;14;17;31;6.4;A;1;1;0;1;1;1;0;0;0;0;0;0;0;1;1;0;0;1;1;1;0;1;0;1;0;1;0;0;0;1;0
325;17;14;31;6.4;A;1;1;0;1;1;1;0;0;0;1;0;0;0;1;1;0;1;1;1;1;0;1;0;1;0;1;0;0;1;1;0
345;27;12;39;6.4;A;1;1;0;1;1;1;1;0;0;1;0;0;1;1;1;0;1;1;1;1;0;1;0;1;0;1;0;0;1;1;0
393;15;16;31;6.4;A;1;1;0;1;1;1;0;0;0;0;0;1;0;1;0;0;1;1;1;1;0;1;0;0;0;0;1;0;1;1;0
402;18;13;31;6.4;A;1;1;0;1;1;1;0;0;0;1;0;0;1;1;0;0;1;1;1;1;1;1;0;1;0;1;1;0;0;1;0
421;14;25;39;6.4;A;1;0;0;0;1;0;0;0;1;1;0;0;0;1;1;0;1;1;1;1;0;1;0;1;0;0;1;0;0;0;0
424;17;14;31;6.4;A;1;1;0;1;1;1;0;0;0;1;0;0;0;1;0;0;1;1;1;1;1;1;0;1;0;1;0;0;1;1;0
425;12;19;31;6.4;A;1;0;0;1;1;0;0;0;0;1;0;0;0;1;1;0;1;1;1;1;0;1;0;0;0;0;0;0;1;0;0
457;24;7;31;6.4;A;1;1;1;1;1;1;0;0;1;1;1;1;0;1;1;0;1;1;1;1;1;1;0;0;0;1;1;1;1;1;1
1;10;6;16;6.5;A;1;0;0;1;1;0;0;0;0;1;0;0;0;1;0;0;1;1;1;1;0;1;0;0;0;0;0;0;0;0;0
98;14;17;31;6.5;A;1;0;0;1;1;0;0;0;0;1;0;0;0;1;1;0;1;1;1;1;0;1;0;0;0;1;1;0;1;0;0
167;16;15;31;6.5;A;1;1;0;1;1;1;0;0;0;1;0;0;0;1;1;0;1;1;1;1;0;1;0;1;0;0;0;0;1;1;0
220;19;20;39;6.5;A;1;0;0;1;1;1;0;0;0;1;0;0;1;1;1;0;1;1;1;1;0;1;0;1;0;1;0;0;1;1;0
243;26;5;31;6.5;A;1;1;0;1;1;1;1;0;1;1;1;1;1;1;1;1;1;1;1;1;1;1;0;1;0;1;1;1;1;1;0
259;13;18;31;6.5;A;1;0;0;1;1;0;0;0;0;1;0;0;1;1;0;0;1;1;1;1;0;1;0;1;0;0;0;0;1;0;0
311;23;16;39;6.5;A;1;1;0;1;1;1;0;0;0;1;0;0;0;1;0;0;1;1;1;1;0;1;0;1;0;0;0;0;1;1;0
332;18;13;31;6.5;A;1;1;0;1;1;1;1;0;0;1;0;0;0;1;1;0;1;1;1;1;0;1;0;1;0;1;0;0;1;1;0
335;14;17;31;6.5;A;1;0;0;1;1;1;0;0;0;0;0;0;0;1;1;0;1;1;1;1;0;1;0;1;0;0;0;0;1;1;0
351;19;12;31;6.5;A;1;1;0;1;1;1;1;0;0;1;0;0;1;1;1;0;1;1;1;1;0;1;0;1;0;1;0;0;1;1;0
398;17;15;32;6.5;A;1;1;0;1;1;1;0;0;0;1;0;0;0;1;0;0;1;1;1;1;1;1;0;0;0;1;0;1;1;1;0
399;21;18;39;6.5;A;1;1;0;1;1;0;0;1;0;1;0;1;0;1;1;0;1;1;1;1;1;1;0;1;1;0;1;1;1;1;0
14;17;22;39;6.6;A;1;0;0;1;1;1;0;0;0;1;0;0;0;1;1;0;1;1;1;1;1;1;0;0;0;0;0;0;1;0;0
30;15;16;31;6.6;A;1;1;0;1;1;1;0;0;0;1;0;0;0;1;0;0;1;1;1;1;0;1;0;0;0;0;1;0;1;1;0
48;20;11;31;6.6;A;1;1;0;1;1;1;1;0;0;1;0;0;1;1;1;0;1;1;1;1;0;1;0;1;0;1;1;0;1;1;0
55;24;7;31;6.6;A;1;1;0;1;1;1;0;1;0;1;0;1;1;1;1;1;1;1;1;1;1;1;0;1;0;1;1;1;1;1;0
78;30;1;31;6.6;A;1;1;1;1;1;1;1;1;1;1;1;1;1;1;1;1;1;1;1;1;1;1;1;1;1;1;1;1;1;1;0
86;17;22;39;6.6;A;1;1;0;1;1;1;0;0;0;1;0;1;0;1;0;0;1;1;1;1;1;1;0;0;0;0;1;0;1;1;0
129;18;13;31;6.6;A;1;1;0;1;1;1;0;0;0;1;0;1;0;1;1;0;1;1;1;1;0;1;0;1;0;0;0;1;1;1;0
146;16;15;31;6.6;A;1;1;0;1;1;1;0;0;0;1;0;0;1;1;1;0;1;1;1;1;0;1;0;1;0;1;0;0;0;0;0
174;13;18;31;6.6;A;0;0;0;0;1;0;1;0;0;1;1;0;1;1;1;0;1;0;1;0;0;1;0;1;0;1;0;0;0;1;0
175;17;14;31;6.6;A;1;0;0;1;1;1;0;0;0;1;0;1;0;1;1;0;1;1;1;1;1;1;0;0;0;0;0;1;1;1;0
215;16;15;31;6.6;A;1;1;0;0;1;1;0;0;0;1;0;0;1;1;1;0;1;1;1;1;0;1;0;1;0;1;0;0;0;1;0
240;32;15;47;6.6;A;1;1;0;1;1;1;1;0;0;1;0;0;1;1;1;0;1;1;1;1;0;1;0;1;0;1;0;0;1;0;0
349;16;15;31;6.6;A;1;1;0;1;1;1;0;0;0;1;0;0;0;1;1;0;1;1;1;1;0;1;0;0;0;1;0;0;1;1;0
360;13;18;31;6.6;A;1;1;0;1;1;1;0;0;0;1;0;0;0;1;1;0;0;1;1;1;0;1;0;1;0;0;0;0;0;0;0
428;18;13;31;6.6;A;1;1;0;1;1;0;1;0;0;1;0;0;0;1;1;0;1;1;1;1;0;1;0;1;0;1;0;1;1;1;0
17;23;16;39;6.7;A;1;1;0;1;1;1;1;0;0;1;1;1;1;1;1;0;1;1;1;1;1;1;0;1;0;1;1;0;1;1;0
24;12;12;24;6.7;A;1;0;0;1;1;0;1;0;0;1;0;0;0;1;0;0;0;1;1;1;0;1;0;1;0;0;0;0;1;0;0
35;21;10;31;6.7;A;1;1;0;1;1;1;1;0;0;1;0;0;1;1;1;0;1;1;1;1;1;1;0;1;0;1;1;0;1;1;0
49;14;17;31;6.7;A;1;0;0;1;1;0;0;0;0;1;0;0;0;1;1;0;1;1;1;1;0;1;0;1;0;1;0;0;1;0;0
68;16;23;39;6.7;A;1;1;0;1;1;1;0;0;0;1;0;0;0;1;0;0;1;1;1;1;1;1;0;0;0;0;1;0;1;1;0
77;23;8;31;6.7;A;1;1;0;1;1;1;0;0;0;1;1;1;1;1;1;1;1;1;1;1;1;1;0;1;0;0;1;1;1;1;0
116;15;16;31;6.7;A;1;0;1;0;1;0;0;0;1;1;0;0;1;1;1;0;1;0;1;1;0;1;0;1;1;1;0;0;0;0;0
127;11;20;31;6.7;A;0;0;0;0;1;1;0;0;0;1;1;1;0;1;0;0;1;0;1;0;1;0;0;0;0;1;1;0;0;0;0
171;26;13;39;6.7;A;1;1;0;1;1;1;1;0;0;1;0;1;0;1;0;1;1;1;1;1;1;1;0;0;0;0;1;0;1;1;0
223;16;15;31;6.7;A;1;1;0;1;1;0;0;0;0;1;0;0;1;1;1;0;1;1;1;1;0;1;0;1;0;0;0;0;1;1;0
246;18;13;31;6.7;A;1;1;0;1;1;1;0;0;0;1;1;1;0;1;0;1;1;1;1;1;1;1;0;0;0;0;1;0;0;1;0
248;25;6;31;6.7;A;1;1;1;1;1;1;1;0;1;1;0;1;1;1;1;1;1;1;1;1;1;1;0;1;0;1;1;0;1;1;0
268;20;19;39;6.7;A;1;1;0;1;1;1;1;0;0;1;0;0;0;1;1;0;1;1;1;1;1;1;0;1;0;1;1;0;1;1;0
310;16;15;31;6.7;A;1;1;0;1;1;1;0;0;0;1;0;0;0;1;0;0;1;1;1;1;1;1;0;0;0;0;1;0;1;1;0
346;17;14;31;6.7;A;1;1;0;1;1;1;1;0;0;1;0;0;0;1;0;0;1;1;1;1;0;1;0;1;0;0;0;1;1;1;0
431;19;12;31;6.7;A;1;1;0;1;1;1;0;0;0;1;1;1;0;1;1;0;1;1;1;1;1;1;0;0;0;0;1;0;1;1;0
456;15;16;31;6.7;A;1;0;0;1;1;1;0;0;0;1;0;0;0;1;1;0;1;1;1;1;0;1;0;0;0;1;0;0;1;1;0
464;34;5;39;6.7;A;1;1;1;1;1;1;1;1;1;1;1;1;1;1;1;1;1;1;1;1;1;1;0;1;0;1;1;1;1;1;0
33;16;15;31;6.8;A;1;0;0;1;1;1;0;0;0;1;0;0;1;1;1;0;1;1;1;1;0;0;0;1;0;1;0;0;1;1;0
37;17;14;31;6.8;A;1;1;0;1;1;0;0;0;0;1;0;0;0;1;1;0;1;1;1;1;1;1;0;0;0;0;1;1;1;1;0
72;27;4;31;6.8;A;1;1;0;1;1;1;1;1;1;1;1;1;1;1;1;1;1;1;1;1;1;1;0;1;0;1;1;1;1;1;0
82;41;6;47;6.8;A;1;1;1;1;1;1;1;1;1;1;1;1;0;1;1;0;1;1;1;1;1;1;1;0;1;1;1;1;1;1;0
204;16;15;31;6.8;A;1;1;0;1;1;1;0;0;0;1;0;0;0;1;1;0;1;1;1;1;0;1;0;0;0;1;0;0;1;1;0
221;14;17;31;6.8;A;1;1;0;1;1;0;0;0;0;1;0;0;0;1;1;0;0;1;1;1;1;1;0;0;0;0;0;0;1;1;0
271;20;11;31;6.8;A;1;1;0;1;1;1;1;0;0;1;0;0;1;1;1;0;1;1;1;1;0;1;0;1;0;1;0;1;1;1;0
289;21;18;39;6.8;A;1;1;0;1;1;1;1;0;0;1;0;0;1;1;1;0;1;1;1;1;0;1;0;1;0;1;1;1;1;1;0
296;17;14;31;6.8;A;1;1;0;1;1;1;0;0;0;1;0;0;0;1;1;0;1;0;1;1;1;1;0;1;0;0;1;0;1;1;0
308;23;8;31;6.8;A;1;1;0;1;1;1;1;0;1;1;0;1;0;1;1;0;1;1;1;1;1;1;0;1;0;1;1;1;1;1;0
362;29;18;47;6.8;A;1;1;0;1;1;1;1;0;0;1;0;0;0;1;0;0;1;1;1;1;1;1;0;0;0;1;0;0;1;1;0
370;22;9;31;6.8;A;1;1;0;1;1;1;1;0;1;1;0;1;0;1;1;0;1;1;1;1;1;1;0;1;0;0;1;1;1;1;0
377;17;14;31;6.8;A;1;1;0;1;1;1;0;0;0;1;0;0;0;1;0;0;1;1;1;1;1;1;0;0;0;1;1;0;1;1;0
407;17;22;39;6.8;A;1;1;0;1;1;1;0;0;0;1;0;0;0;1;1;0;1;1;1;1;0;1;0;1;0;1;0;0;1;1;0
417;24;15;39;6.8;A;0;1;0;0;1;1;0;0;0;1;0;1;0;1;0;0;1;1;1;1;0;1;0;1;0;1;1;0;1;1;0
418;15;16;31;6.8;A;1;1;0;1;1;1;0;0;0;1;0;0;0;1;0;0;1;0;1;1;1;1;0;0;0;0;1;0;1;1;0
440;17;14;31;6.8;A;1;1;0;1;1;1;0;0;0;1;0;0;0;1;1;0;1;1;1;1;1;1;0;1;0;0;0;0;1;1;0
458;19;20;39;6.8;A;1;0;0;1;1;1;0;1;0;1;1;1;0;1;0;0;1;1;1;1;1;1;0;0;0;0;1;1;1;1;0
23;47;0;47;6.9;A;1;1;1;1;1;1;1;1;1;1;1;1;1;1;1;1;1;1;1;1;1;1;1;1;1;1;1;1;1;1;1
40;15;24;39;6.9;A;1;1;0;0;1;1;0;1;0;1;0;1;0;1;0;0;1;0;1;1;1;1;0;0;0;0;1;0;0;1;0
101;23;24;47;6.9;A;1;1;0;1;1;1;1;1;1;1;0;1;0;1;1;0;1;1;1;1;1;1;0;0;0;1;1;1;1;1;0
147;16;15;31;6.9;A;1;1;0;1;1;1;0;0;0;1;0;0;1;1;0;0;1;1;1;1;0;1;0;1;0;0;0;0;1;1;0
281;24;15;39;6.9;A;1;1;0;1;1;1;0;0;0;1;0;1;0;1;0;0;1;1;1;1;1;1;0;0;0;0;1;0;1;1;0